snapshot_date,product_id,warehouse_id,available_qty,reserved_qty,expiry_date,batch_number
2023-07-01,P001,WH-N1,1828,52,2025-04-09,B21395
2023-07-01,P001,WH-E1,4837,61,2024-01-02,B38657
2023-07-01,P001,WH-S1,1905,27,2025-04-25,B36062
2023-07-01,P002,WH-S1,2787,220,2024-09-07,B23396
2023-07-01,P002,WH-W1,759,91,2024-09-15,B89131
2023-07-01,P002,WH-E1,2166,940,2025-03-31,B26361
2023-07-01,P002,WH-N1,3100,150,2024-10-03,B85674
2023-07-01,P002,WH-C1,1575,46,2024-05-19,B47930
2023-07-01,P002,WH-G1,653,51,2024-10-22,B46434
2023-07-01,P003,WH-G1,2187,699,2023-12-11,B89840
2023-07-01,P003,WH-E1,1401,250,2024-03-14,B70589
2023-07-01,P003,WH-S1,3108,655,2025-04-21,B38785
2023-07-01,P003,WH-W1,2656,114,2024-05-20,B14207
2023-07-01,P003,WH-C1,2584,67,2024-05-02,B84341
2023-07-01,P003,WH-N1,2577,511,2024-11-07,B94259
2023-07-01,P004,WH-S1,4780,449,2024-02-17,B76784
2023-07-01,P004,WH-E1,4042,48,2024-01-19,B30033
2023-07-01,P004,WH-G1,1310,432,2025-05-31,B18326
2023-07-01,P004,WH-N1,3152,479,2025-03-23,B42953
2023-07-01,P004,WH-W1,4532,47,2024-01-24,B99353
2023-07-01,P004,WH-C1,4398,1393,2024-01-21,B48469
2023-07-01,P005,WH-S1,4158,1222,2025-03-01,B89818
2023-07-01,P005,WH-W1,1629,82,2025-04-03,B79514
2023-07-01,P005,WH-N1,4,1,2023-10-18,B24662
2023-07-01,P005,WH-E1,2973,629,2024-05-31,B17592
2023-07-01,P005,WH-G1,1973,161,2023-12-25,B73699
2023-07-01,P005,WH-C1,566,272,2024-02-04,B26828
2023-07-01,P006,WH-C1,4417,823,2024-08-13,B62296
2023-07-01,P006,WH-S1,3059,529,2025-01-03,B25860
2023-07-01,P006,WH-E1,2030,173,2023-10-20,B87110
2023-07-01,P006,WH-W1,4537,225,2023-10-06,B19305
2023-07-01,P006,WH-G1,482,4,2024-09-01,B19287
2023-07-01,P006,WH-N1,4211,685,2025-02-07,B38080
2023-07-01,P007,WH-G1,3874,389,2024-01-03,B22704
2023-07-01,P007,WH-C1,3531,420,2025-01-19,B17100
2023-07-01,P007,WH-W1,806,93,2024-09-10,B24322
2023-07-01,P007,WH-N1,2036,274,2024-12-31,B28373
2023-07-01,P008,WH-S1,4508,667,2025-04-04,B11934
2023-07-01,P008,WH-E1,764,121,2024-03-17,B63269
2023-07-01,P008,WH-W1,3978,821,2023-11-28,B31579
2023-07-01,P008,WH-N1,3104,199,2024-06-26,B69638
2023-07-01,P008,WH-C1,2336,569,2025-02-08,B30289
2023-07-01,P008,WH-G1,1555,29,2025-05-14,B81066
2023-07-01,P009,WH-G1,410,128,2025-03-25,B30635
2023-07-01,P009,WH-E1,465,41,2024-04-06,B18981
2023-07-01,P009,WH-N1,4874,240,2024-11-15,B25713
2023-07-01,P010,WH-C1,671,149,2025-04-29,B78522
2023-07-01,P010,WH-G1,2591,418,2024-08-15,B41285
2023-07-01,P010,WH-N1,2175,307,2025-01-09,B51441
2023-07-01,P010,WH-E1,594,39,2025-04-27,B23104
2023-07-01,P011,WH-C1,1085,70,2024-06-05,B58434
2023-07-01,P011,WH-S1,2334,278,2024-08-03,B90173
2023-07-01,P011,WH-E1,4333,418,2025-04-18,B49240
2023-07-01,P012,WH-S1,876,79,2024-07-03,B46930
2023-07-01,P012,WH-E1,4954,351,2024-04-24,B93130
2023-07-01,P012,WH-N1,2162,257,2023-11-20,B22097
2023-07-01,P014,WH-E1,1323,564,2024-12-09,B83519
2023-07-01,P014,WH-N1,79,11,2024-02-28,B81511
2023-07-01,P014,WH-C1,295,149,2025-04-16,B29410
2023-07-01,P014,WH-S1,3520,315,2024-10-06,B15229
2023-07-01,P014,WH-W1,2931,255,2024-01-12,B56357
2023-07-01,P014,WH-G1,4586,1664,2024-03-05,B41029
2023-07-31,P001,WH-S1,2721,843,2024-07-09,B44970
2023-07-31,P001,WH-W1,1304,110,2024-11-23,B15075
2023-07-31,P001,WH-N1,3855,471,2024-10-21,B50001
2023-07-31,P001,WH-C1,1864,337,2024-05-13,B62227
2023-07-31,P002,WH-E1,4392,56,2024-02-24,B44237
2023-07-31,P002,WH-N1,1462,271,2023-12-07,B24208
2023-07-31,P002,WH-G1,4887,1492,2024-09-14,B67199
2023-07-31,P002,WH-S1,4966,473,2024-11-26,B85574
2023-07-31,P002,WH-W1,1557,223,2023-10-30,B78146
2023-07-31,P003,WH-E1,2704,255,2024-08-31,B76469
2023-07-31,P003,WH-W1,2533,668,2024-12-14,B48752
2023-07-31,P003,WH-N1,4541,430,2024-11-20,B98777
2023-07-31,P003,WH-G1,1425,308,2024-12-17,B81819
2023-07-31,P004,WH-E1,3521,1242,2024-09-22,B70946
2023-07-31,P004,WH-G1,3619,437,2025-04-04,B72021
2023-07-31,P004,WH-S1,1390,290,2025-04-08,B97012
2023-07-31,P005,WH-N1,1207,62,2025-02-26,B90120
2023-07-31,P005,WH-S1,596,161,2025-06-09,B35485
2023-07-31,P005,WH-E1,3145,499,2024-03-28,B95990
2023-07-31,P005,WH-G1,45,24,2024-02-15,B65724
2023-07-31,P005,WH-W1,1792,265,2025-02-15,B16582
2023-07-31,P006,WH-N1,4351,2438,2024-09-17,B68008
2023-07-31,P006,WH-W1,4135,1122,2025-01-27,B30861
2023-07-31,P006,WH-S1,3888,506,2024-08-07,B78327
2023-07-31,P006,WH-C1,3969,562,2025-01-21,B20155
2023-07-31,P007,WH-S1,1133,98,2024-04-02,B38043
2023-07-31,P007,WH-E1,526,84,2025-05-06,B71069
2023-07-31,P007,WH-C1,3406,426,2025-01-01,B61049
2023-07-31,P007,WH-G1,4784,80,2025-06-09,B59857
2023-07-31,P007,WH-N1,3907,180,2024-08-29,B61116
2023-07-31,P008,WH-C1,3570,796,2024-10-07,B97670
2023-07-31,P008,WH-G1,3312,957,2024-03-07,B91560
2023-07-31,P008,WH-S1,4375,201,2025-06-26,B83975
2023-07-31,P008,WH-W1,222,27,2024-03-15,B70515
2023-07-31,P008,WH-N1,1488,97,2024-09-28,B37742
2023-07-31,P008,WH-E1,3724,779,2024-11-20,B46471
2023-07-31,P009,WH-E1,1836,667,2023-12-09,B14067
2023-07-31,P009,WH-N1,2025,10,2024-04-02,B41266
2023-07-31,P009,WH-W1,1034,58,2025-05-28,B38569
2023-07-31,P009,WH-C1,3809,1570,2024-11-09,B31992
2023-07-31,P009,WH-G1,4963,1531,2024-02-23,B31465
2023-07-31,P009,WH-S1,2548,13,2024-09-12,B85470
2023-07-31,P010,WH-W1,2470,1229,2024-02-29,B84177
2023-07-31,P010,WH-S1,336,54,2024-11-11,B19038
2023-07-31,P010,WH-N1,4144,25,2025-01-01,B74251
2023-07-31,P010,WH-E1,864,185,2025-02-10,B30052
2023-07-31,P010,WH-G1,3567,534,2024-07-31,B90728
2023-07-31,P010,WH-C1,4408,1904,2025-01-17,B87656
2023-07-31,P011,WH-E1,1997,583,2025-07-14,B97580
2023-07-31,P011,WH-S1,3104,506,2024-09-25,B33834
2023-07-31,P011,WH-N1,3994,816,2024-07-19,B54608
2023-07-31,P011,WH-C1,2290,565,2025-05-20,B11330
2023-07-31,P011,WH-G1,4232,350,2024-07-02,B63271
2023-07-31,P012,WH-C1,141,7,2024-12-16,B41890
2023-07-31,P012,WH-S1,2508,755,2025-02-24,B82544
2023-07-31,P012,WH-W1,4349,1127,2024-10-01,B56112
2023-07-31,P012,WH-E1,3717,257,2024-06-21,B25814
2023-07-31,P012,WH-G1,1577,380,2025-04-29,B34267
2023-07-31,P012,WH-N1,1569,247,2024-08-07,B87278
2023-07-31,P014,WH-N1,1469,362,2025-04-27,B26591
2023-07-31,P014,WH-S1,2247,27,2025-05-17,B48290
2023-07-31,P014,WH-E1,1034,385,2025-03-14,B23446
2023-07-31,P014,WH-G1,100,30,2025-03-02,B67733
2023-07-31,P014,WH-C1,2791,52,2024-07-13,B72616
2023-08-30,P001,WH-N1,606,175,2024-01-21,B29887
2023-08-30,P001,WH-W1,1222,311,2024-02-23,B42530
2023-08-30,P001,WH-C1,970,213,2025-08-09,B88135
2023-08-30,P002,WH-C1,2435,878,2024-10-05,B84531
2023-08-30,P002,WH-W1,493,189,2024-03-08,B37235
2023-08-30,P002,WH-G1,1728,41,2024-05-06,B41439
2023-08-30,P002,WH-S1,1423,160,2023-11-30,B63545
2023-08-30,P003,WH-G1,2360,929,2024-02-08,B40595
2023-08-30,P003,WH-C1,2167,405,2025-02-05,B25043
2023-08-30,P003,WH-W1,4461,152,2024-08-26,B28643
2023-08-30,P003,WH-S1,584,39,2025-07-29,B84607
2023-08-30,P003,WH-N1,2364,479,2024-10-04,B62757
2023-08-30,P003,WH-E1,2230,505,2025-02-18,B20543
2023-08-30,P004,WH-W1,211,30,2025-07-09,B86955
2023-08-30,P004,WH-E1,169,86,2024-08-29,B85529
2023-08-30,P004,WH-C1,329,44,2025-03-23,B78021
2023-08-30,P005,WH-E1,3850,682,2024-10-21,B97835
2023-08-30,P005,WH-S1,856,168,2025-01-22,B74942
2023-08-30,P005,WH-W1,2361,410,2025-06-13,B14809
2023-08-30,P005,WH-G1,3725,258,2024-10-24,B25194
2023-08-30,P005,WH-C1,3311,1689,2023-11-29,B96200
2023-08-30,P005,WH-N1,4444,111,2024-06-07,B77952
2023-08-30,P006,WH-C1,2187,294,2025-02-18,B73532
2023-08-30,P006,WH-W1,994,80,2025-08-12,B41365
2023-08-30,P006,WH-G1,1297,7,2025-06-15,B63476
2023-08-30,P006,WH-N1,763,29,2025-03-14,B25396
2023-08-30,P006,WH-E1,1261,366,2024-09-21,B76698
2023-08-30,P007,WH-W1,4515,195,2025-08-02,B76616
2023-08-30,P007,WH-G1,1118,282,2025-01-25,B54548
2023-08-30,P007,WH-C1,4159,2,2024-09-12,B49132
2023-08-30,P007,WH-N1,4808,1351,2025-04-12,B29476
2023-08-30,P007,WH-S1,3658,706,2024-11-02,B82340
2023-08-30,P008,WH-W1,1913,420,2024-01-11,B51704
2023-08-30,P008,WH-E1,3874,1661,2024-12-22,B60604
2023-08-30,P008,WH-S1,1246,18,2024-04-05,B75836
2023-08-30,P008,WH-C1,4834,205,2025-02-20,B23069
2023-08-30,P008,WH-N1,4308,62,2024-04-23,B63736
2023-08-30,P008,WH-G1,1264,67,2024-11-08,B91691
2023-08-30,P009,WH-G1,3997,147,2024-02-06,B40771
2023-08-30,P009,WH-N1,2354,185,2025-02-14,B22903
2023-08-30,P009,WH-E1,823,153,2023-12-27,B16028
2023-08-30,P009,WH-W1,2657,600,2024-11-29,B59131
2023-08-30,P009,WH-S1,3528,543,2025-01-22,B84177
2023-08-30,P009,WH-C1,1475,40,2025-08-13,B60140
2023-08-30,P010,WH-W1,3777,941,2024-08-15,B97404
2023-08-30,P010,WH-C1,76,29,2024-09-17,B98815
2023-08-30,P010,WH-S1,4477,452,2024-11-15,B87014
2023-08-30,P010,WH-N1,2450,868,2024-08-10,B69878
2023-08-30,P011,WH-S1,3124,1177,2024-09-25,B48696
2023-08-30,P011,WH-W1,179,84,2025-01-06,B45976
2023-08-30,P011,WH-C1,66,21,2024-01-17,B89482
2023-08-30,P011,WH-N1,4069,1172,2024-07-20,B89569
2023-08-30,P011,WH-E1,2886,194,2024-08-10,B98835
2023-08-30,P012,WH-G1,3611,186,2024-04-10,B21813
2023-08-30,P012,WH-N1,2417,425,2024-05-25,B36318
2023-08-30,P012,WH-C1,1082,374,2025-05-24,B75771
2023-08-30,P012,WH-S1,2232,526,2025-04-04,B48684
2023-08-30,P014,WH-N1,3255,1647,2025-06-20,B57942
2023-08-30,P014,WH-W1,739,7,2024-08-24,B80329
2023-08-30,P014,WH-G1,1012,134,2025-07-18,B59941
2023-08-30,P014,WH-C1,3043,119,2025-03-24,B13280
2023-08-30,P014,WH-E1,4599,453,2024-01-31,B93283
2023-09-29,P001,WH-G1,304,63,2024-04-24,B22739
2023-09-29,P001,WH-E1,1923,277,2025-01-28,B69459
2023-09-29,P001,WH-W1,3039,1106,2025-03-01,B86983
2023-09-29,P001,WH-N1,1265,670,2024-04-07,B74139
2023-09-29,P001,WH-C1,3343,572,2024-01-30,B58566
2023-09-29,P001,WH-S1,1779,241,2025-01-02,B23022
2023-09-29,P002,WH-C1,1554,868,2025-04-06,B22015
2023-09-29,P002,WH-E1,1737,611,2024-01-18,B16629
2023-09-29,P002,WH-N1,2732,128,2025-07-28,B36896
2023-09-29,P002,WH-S1,562,283,2024-07-27,B86858
2023-09-29,P002,WH-G1,1769,238,2024-11-28,B29340
2023-09-29,P003,WH-E1,4425,178,2024-04-18,B96646
2023-09-29,P003,WH-S1,211,22,2024-08-27,B87182
2023-09-29,P003,WH-C1,2652,135,2024-02-19,B26614
2023-09-29,P004,WH-C1,4204,925,2025-05-26,B39038
2023-09-29,P004,WH-N1,355,133,2024-10-31,B70036
2023-09-29,P004,WH-G1,255,30,2025-02-11,B65872
2023-09-29,P004,WH-S1,884,227,2024-03-12,B20589
2023-09-29,P004,WH-E1,2638,134,2024-05-05,B46046
2023-09-29,P004,WH-W1,4795,665,2025-01-21,B88301
2023-09-29,P005,WH-W1,4516,880,2025-03-12,B69186
2023-09-29,P005,WH-C1,1871,464,2025-02-08,B64524
2023-09-29,P005,WH-G1,778,80,2024-09-14,B59060
2023-09-29,P005,WH-N1,1250,485,2024-03-05,B21957
2023-09-29,P005,WH-E1,699,12,2025-01-12,B27054
2023-09-29,P006,WH-C1,1001,216,2024-02-18,B47700
2023-09-29,P006,WH-G1,4918,212,2025-08-10,B76507
2023-09-29,P006,WH-E1,1742,246,2024-08-13,B24184
2023-09-29,P007,WH-C1,3515,1571,2025-09-16,B98470
2023-09-29,P007,WH-E1,4560,273,2024-01-26,B33647
2023-09-29,P007,WH-N1,2238,316,2024-12-09,B56009
2023-09-29,P007,WH-S1,50,2,2025-07-29,B96159
2023-09-29,P007,WH-W1,3283,379,2024-01-28,B22026
2023-09-29,P008,WH-W1,1289,166,2025-07-31,B88148
2023-09-29,P008,WH-G1,695,79,2024-06-06,B90981
2023-09-29,P008,WH-C1,407,69,2025-03-25,B96761
2023-09-29,P008,WH-S1,3473,905,2025-02-24,B45804
2023-09-29,P009,WH-C1,908,173,2025-08-26,B73783
2023-09-29,P009,WH-N1,4316,93,2024-08-09,B61807
2023-09-29,P009,WH-E1,4909,209,2024-10-31,B37686
2023-09-29,P009,WH-S1,1124,296,2024-11-27,B25726
2023-09-29,P010,WH-W1,1058,117,2025-05-23,B83233
2023-09-29,P010,WH-G1,2901,379,2024-02-09,B67176
2023-09-29,P010,WH-S1,153,4,2024-11-12,B85465
2023-09-29,P011,WH-C1,170,21,2025-04-12,B57428
2023-09-29,P011,WH-W1,721,27,2024-09-02,B67104
2023-09-29,P011,WH-G1,4824,161,2025-02-05,B50668
2023-09-29,P011,WH-S1,2781,172,2024-03-15,B76910
2023-09-29,P011,WH-N1,934,99,2024-12-19,B56019
2023-09-29,P011,WH-E1,1209,74,2024-09-15,B35856
2023-09-29,P012,WH-C1,4047,1154,2025-08-12,B68838
2023-09-29,P012,WH-S1,4624,1279,2024-11-22,B92210
2023-09-29,P012,WH-N1,2589,34,2025-04-21,B67961
2023-09-29,P012,WH-W1,2480,1211,2024-02-23,B56129
2023-09-29,P014,WH-E1,308,18,2024-03-15,B94497
2023-09-29,P014,WH-W1,739,259,2025-01-24,B70648
2023-09-29,P014,WH-C1,4754,1621,2024-02-08,B68947
2023-10-29,P001,WH-E1,1235,461,2024-05-11,B55015
2023-10-29,P001,WH-C1,690,44,2024-03-07,B42472
2023-10-29,P001,WH-W1,3586,650,2025-02-02,B58870
2023-10-29,P001,WH-G1,2317,346,2025-09-30,B16863
2023-10-29,P002,WH-N1,2327,153,2025-01-02,B20682
2023-10-29,P002,WH-E1,4773,1432,2024-12-09,B95990
2023-10-29,P002,WH-G1,3210,86,2024-12-09,B83259
2023-10-29,P002,WH-C1,3085,672,2024-06-05,B97833
2023-10-29,P002,WH-S1,4312,433,2025-06-30,B57425
2023-10-29,P003,WH-E1,1754,392,2025-06-07,B35166
2023-10-29,P003,WH-G1,1855,317,2024-04-15,B48770
2023-10-29,P003,WH-S1,828,276,2025-07-19,B14947
2023-10-29,P004,WH-C1,1481,639,2024-07-14,B67366
2023-10-29,P004,WH-S1,357,86,2024-09-26,B68222
2023-10-29,P004,WH-W1,2334,919,2024-09-22,B79993
2023-10-29,P004,WH-N1,1959,414,2025-05-21,B35430
2023-10-29,P004,WH-E1,3013,1168,2025-04-22,B70513
2023-10-29,P005,WH-W1,4953,256,2024-03-20,B94040
2023-10-29,P005,WH-C1,3936,420,2025-07-08,B26341
2023-10-29,P005,WH-G1,2335,82,2024-11-01,B68893
2023-10-29,P005,WH-N1,4205,447,2024-04-29,B39102
2023-10-29,P005,WH-E1,3695,1905,2024-02-23,B64381
2023-10-29,P006,WH-W1,1931,83,2025-02-13,B39430
2023-10-29,P006,WH-C1,230,6,2025-01-04,B29142
2023-10-29,P006,WH-E1,1127,120,2024-06-17,B71487
2023-10-29,P007,WH-C1,1224,372,2025-10-11,B79176
2023-10-29,P007,WH-N1,3467,295,2024-09-26,B49472
2023-10-29,P007,WH-G1,998,53,2025-05-09,B18232
2023-10-29,P007,WH-W1,908,255,2025-09-29,B80261
2023-10-29,P007,WH-S1,134,36,2024-09-30,B28818
2023-10-29,P007,WH-E1,2386,629,2025-01-22,B41531
2023-10-29,P008,WH-S1,3851,198,2025-02-12,B43246
2023-10-29,P008,WH-N1,133,4,2025-01-14,B41604
2023-10-29,P008,WH-E1,849,376,2025-01-01,B27486
2023-10-29,P008,WH-C1,363,43,2024-07-24,B99742
2023-10-29,P008,WH-W1,3806,1960,2024-07-31,B27675
2023-10-29,P008,WH-G1,516,117,2024-03-04,B48462
2023-10-29,P009,WH-N1,2540,834,2025-08-05,B72049
2023-10-29,P009,WH-S1,2075,165,2024-08-09,B47501
2023-10-29,P009,WH-G1,2924,97,2024-12-31,B45811
2023-10-29,P009,WH-C1,1019,223,2025-03-11,B67637
2023-10-29,P010,WH-E1,4253,84,2025-04-05,B20345
2023-10-29,P010,WH-S1,3527,369,2025-08-07,B48504
2023-10-29,P010,WH-W1,2631,167,2024-11-24,B50173
2023-10-29,P010,WH-G1,3652,872,2024-07-15,B68183
2023-10-29,P010,WH-C1,2879,744,2025-01-22,B90589
2023-10-29,P010,WH-N1,3563,810,2024-03-25,B19835
2023-10-29,P011,WH-E1,285,15,2025-02-05,B57467
2023-10-29,P011,WH-C1,3136,66,2025-10-07,B30111
2023-10-29,P011,WH-S1,3685,1523,2025-04-25,B20077
2023-10-29,P011,WH-N1,4701,375,2025-03-09,B51207
2023-10-29,P011,WH-G1,2283,116,2024-02-22,B34385
2023-10-29,P011,WH-W1,4088,1150,2024-05-26,B44311
2023-10-29,P012,WH-G1,4023,138,2024-04-11,B69250
2023-10-29,P012,WH-W1,1414,455,2024-04-25,B99381
2023-10-29,P012,WH-S1,2618,132,2025-08-12,B81063
2023-10-29,P012,WH-E1,2378,322,2024-07-23,B57381
2023-10-29,P012,WH-C1,4167,205,2024-06-17,B41029
2023-10-29,P014,WH-N1,538,122,2025-07-18,B63843
2023-10-29,P014,WH-E1,3354,151,2024-06-03,B51553
2023-10-29,P014,WH-C1,607,174,2025-07-09,B55156
2023-10-29,P014,WH-S1,1051,564,2025-09-19,B33850
2023-10-29,P014,WH-G1,1057,28,2024-06-02,B77908
2023-10-29,P014,WH-W1,1253,82,2024-12-22,B39552
2023-11-28,P001,WH-C1,4512,620,2025-11-16,B79924
2023-11-28,P001,WH-E1,765,86,2025-10-24,B86106
2023-11-28,P001,WH-N1,1263,159,2025-11-06,B54252
2023-11-28,P001,WH-S1,4617,29,2024-05-19,B15958
2023-11-28,P001,WH-W1,4724,431,2025-10-03,B64602
2023-11-28,P002,WH-W1,2474,824,2025-04-16,B48985
2023-11-28,P002,WH-C1,3715,30,2024-08-05,B67619
2023-11-28,P002,WH-E1,3404,417,2025-02-08,B89516
2023-11-28,P003,WH-E1,1071,108,2025-01-17,B41685
2023-11-28,P003,WH-G1,3821,460,2024-11-05,B28465
2023-11-28,P003,WH-C1,793,49,2025-11-17,B64805
2023-11-28,P003,WH-S1,2033,327,2025-01-26,B85718
2023-11-28,P004,WH-S1,4085,2037,2024-03-20,B21802
2023-11-28,P004,WH-G1,3221,493,2024-10-03,B86460
2023-11-28,P004,WH-W1,2890,144,2025-07-16,B88317
2023-11-28,P004,WH-E1,3855,8,2024-06-15,B66482
2023-11-28,P004,WH-C1,1097,374,2025-04-13,B57964
2023-11-28,P005,WH-W1,2969,150,2025-03-27,B76093
2023-11-28,P005,WH-N1,3689,572,2025-11-12,B25572
2023-11-28,P005,WH-S1,1054,403,2025-03-14,B54444
2023-11-28,P006,WH-S1,371,21,2025-06-25,B78069
2023-11-28,P006,WH-G1,3743,527,2024-07-18,B52987
2023-11-28,P006,WH-W1,2609,315,2024-12-28,B87820
2023-11-28,P006,WH-E1,2755,521,2025-08-24,B74205
2023-11-28,P006,WH-N1,4611,34,2025-03-09,B53416
2023-11-28,P007,WH-W1,218,33,2025-10-10,B85711
2023-11-28,P007,WH-C1,1864,597,2025-07-01,B32349
2023-11-28,P007,WH-E1,4294,1269,2025-03-21,B29369
2023-11-28,P008,WH-N1,155,26,2024-07-30,B64127
2023-11-28,P008,WH-C1,1670,396,2025-11-13,B71814
2023-11-28,P008,WH-G1,510,132,2024-09-25,B83516
2023-11-28,P008,WH-W1,2662,979,2025-08-17,B59391
2023-11-28,P009,WH-S1,2165,196,2024-11-04,B46569
2023-11-28,P009,WH-W1,4571,609,2024-12-17,B37168
2023-11-28,P009,WH-E1,4005,714,2025-09-21,B45842
2023-11-28,P009,WH-C1,2357,346,2025-09-04,B59767
2023-11-28,P009,WH-G1,3232,1583,2024-07-24,B48070
2023-11-28,P010,WH-E1,3623,1530,2025-06-30,B38047
2023-11-28,P010,WH-N1,1655,277,2025-09-23,B45601
2023-11-28,P010,WH-G1,1124,150,2024-10-28,B41779
2023-11-28,P011,WH-G1,1907,105,2025-01-29,B71918
2023-11-28,P011,WH-C1,823,70,2024-03-02,B82135
2023-11-28,P011,WH-S1,1293,243,2025-06-28,B95267
2023-11-28,P012,WH-E1,484,45,2025-10-05,B40437
2023-11-28,P012,WH-G1,4383,152,2024-08-23,B64773
2023-11-28,P012,WH-C1,1440,37,2025-04-07,B74930
2023-11-28,P012,WH-W1,1526,296,2024-04-04,B11214
2023-11-28,P014,WH-C1,3722,2147,2025-07-15,B27589
2023-11-28,P014,WH-G1,4130,394,2024-06-20,B53343
2023-11-28,P014,WH-N1,1331,263,2024-09-03,B11846
2023-11-28,P014,WH-S1,2761,1162,2024-09-10,B33002
2023-11-28,P014,WH-E1,3321,1055,2025-01-26,B21368
2023-12-28,P001,WH-G1,2032,98,2024-11-23,B68554
2023-12-28,P001,WH-N1,2187,618,2025-11-13,B85088
2023-12-28,P001,WH-S1,93,11,2024-11-23,B18142
2023-12-28,P001,WH-C1,968,81,2025-05-16,B99925
2023-12-28,P001,WH-W1,4116,1273,2024-07-25,B93717
2023-12-28,P001,WH-E1,2416,226,2024-11-06,B27507
2023-12-28,P002,WH-S1,2027,610,2024-06-18,B78879
2023-12-28,P002,WH-W1,3659,740,2024-06-14,B83946
2023-12-28,P002,WH-E1,919,70,2025-08-26,B36497
2023-12-28,P002,WH-G1,4691,336,2025-02-25,B78202
2023-12-28,P002,WH-C1,3619,210,2025-11-14,B74071
2023-12-28,P002,WH-N1,744,228,2024-05-22,B69432
2023-12-28,P003,WH-C1,472,172,2025-02-05,B12853
2023-12-28,P003,WH-W1,3243,3,2024-11-05,B85800
2023-12-28,P003,WH-G1,598,44,2024-05-31,B80931
2023-12-28,P003,WH-E1,493,35,2025-07-23,B14159
2023-12-28,P004,WH-W1,3067,783,2025-06-29,B59479
2023-12-28,P004,WH-S1,3077,338,2025-09-30,B27431
2023-12-28,P004,WH-C1,2848,275,2025-05-03,B79316
2023-12-28,P004,WH-E1,1043,114,2024-03-30,B12979
2023-12-28,P004,WH-G1,2444,736,2025-10-05,B65591
2023-12-28,P005,WH-S1,1544,742,2024-07-20,B14222
2023-12-28,P005,WH-G1,3434,32,2024-11-28,B37011
2023-12-28,P005,WH-W1,551,4,2025-06-27,B88352
2023-12-28,P005,WH-C1,398,5,2025-05-12,B67535
2023-12-28,P005,WH-N1,1919,57,2024-08-17,B76046
2023-12-28,P005,WH-E1,2369,326,2025-11-08,B88370
2023-12-28,P006,WH-S1,3387,62,2025-10-18,B87550
2023-12-28,P006,WH-E1,1434,437,2025-10-17,B74962
2023-12-28,P006,WH-G1,384,164,2025-04-21,B78742
2023-12-28,P006,WH-C1,2611,836,2024-08-26,B49306
2023-12-28,P006,WH-N1,3083,550,2025-07-24,B41584
2023-12-28,P007,WH-E1,4607,853,2025-10-18,B79467
2023-12-28,P007,WH-S1,1098,130,2024-10-21,B53288
2023-12-28,P007,WH-W1,647,189,2024-06-29,B80206
2023-12-28,P007,WH-N1,1560,96,2025-12-06,B89026
2023-12-28,P008,WH-N1,3927,340,2025-01-31,B12009
2023-12-28,P008,WH-S1,1735,985,2024-07-25,B72773
2023-12-28,P008,WH-C1,1987,720,2024-10-22,B61987
2023-12-28,P009,WH-C1,3819,735,2025-02-05,B44283
2023-12-28,P009,WH-E1,2946,1018,2025-07-17,B22924
2023-12-28,P009,WH-G1,3846,655,2024-10-21,B58589
2023-12-28,P009,WH-S1,2563,576,2024-11-08,B29126
2023-12-28,P010,WH-E1,2418,168,2024-11-17,B59786
2023-12-28,P010,WH-C1,4667,2045,2025-10-11,B95800
2023-12-28,P010,WH-W1,2765,500,2025-08-11,B70401
2023-12-28,P011,WH-G1,4477,1110,2024-05-26,B78674
2023-12-28,P011,WH-E1,277,19,2024-05-15,B10836
2023-12-28,P011,WH-S1,3378,236,2024-06-04,B29795
2023-12-28,P011,WH-N1,74,14,2025-04-13,B17923
2023-12-28,P012,WH-G1,137,17,2025-09-26,B47576
2023-12-28,P012,WH-W1,140,44,2025-06-10,B33496
2023-12-28,P012,WH-N1,876,268,2024-08-26,B41584
2023-12-28,P012,WH-C1,1572,258,2025-03-24,B45038
2023-12-28,P012,WH-S1,3251,207,2025-07-10,B84055
2023-12-28,P012,WH-E1,1992,462,2025-01-28,B99658
2023-12-28,P014,WH-G1,3320,565,2025-07-27,B17355
2023-12-28,P014,WH-N1,77,5,2025-08-20,B66873
2023-12-28,P014,WH-C1,2713,195,2025-09-18,B15577
2024-01-27,P001,WH-S1,381,175,2025-02-07,B81176
2024-01-27,P001,WH-C1,4616,367,2025-03-14,B12052
2024-01-27,P001,WH-W1,1697,407,2024-07-13,B49226
2024-01-27,P001,WH-G1,1330,290,2025-05-29,B98740
2024-01-27,P002,WH-W1,439,29,2024-07-12,B54642
2024-01-27,P002,WH-S1,4957,1624,2025-03-26,B13883
2024-01-27,P002,WH-N1,2239,922,2025-09-10,B39902
2024-01-27,P002,WH-E1,2914,768,2025-07-12,B34345
2024-01-27,P002,WH-C1,4799,351,2025-02-22,B42302
2024-01-27,P003,WH-N1,3112,1298,2024-09-30,B61068
2024-01-27,P003,WH-E1,2594,93,2024-05-01,B50405
2024-01-27,P003,WH-S1,3643,276,2024-08-08,B27367
2024-01-27,P004,WH-S1,4562,835,2024-08-09,B13442
2024-01-27,P004,WH-W1,734,23,2025-12-28,B88386
2024-01-27,P004,WH-C1,2657,25,2025-02-18,B64238
2024-01-27,P005,WH-N1,1388,77,2025-01-25,B74634
2024-01-27,P005,WH-C1,1195,111,2025-02-02,B65194
2024-01-27,P005,WH-S1,2455,78,2025-04-30,B42990
2024-01-27,P005,WH-E1,2020,507,2025-12-25,B90828
2024-01-27,P005,WH-G1,1601,138,2025-03-03,B10887
2024-01-27,P005,WH-W1,3241,635,2025-05-20,B53193
2024-01-27,P006,WH-E1,3924,987,2025-06-07,B51830
2024-01-27,P006,WH-W1,2387,1005,2025-12-06,B41775
2024-01-27,P006,WH-S1,2669,402,2025-05-04,B24927
2024-01-27,P006,WH-C1,4619,558,2024-10-27,B99353
2024-01-27,P006,WH-G1,4506,472,2024-11-26,B67469
2024-01-27,P006,WH-N1,2386,141,2025-06-18,B98208
2024-01-27,P007,WH-S1,3088,306,2025-08-29,B86315
2024-01-27,P007,WH-E1,3283,856,2025-11-03,B14818
2024-01-27,P007,WH-G1,2945,1099,2025-12-25,B93647
2024-01-27,P007,WH-W1,696,31,2025-04-24,B31802
2024-01-27,P007,WH-N1,362,102,2025-03-31,B66420
2024-01-27,P007,WH-C1,867,33,2024-12-09,B76935
2024-01-27,P008,WH-W1,4821,617,2025-04-14,B13219
2024-01-27,P008,WH-E1,3954,425,2024-07-22,B25213
2024-01-27,P008,WH-G1,1160,175,2025-08-05,B37114
2024-01-27,P008,WH-S1,4268,975,2024-08-03,B67431
2024-01-27,P009,WH-E1,2810,336,2024-12-31,B77632
2024-01-27,P009,WH-N1,1429,338,2025-11-20,B65885
2024-01-27,P009,WH-G1,3785,414,2024-10-31,B34430
2024-01-27,P009,WH-C1,3540,404,2025-07-30,B87621
2024-01-27,P009,WH-W1,3518,439,2024-11-22,B46483
2024-01-27,P009,WH-S1,512,137,2024-11-03,B57945
2024-01-27,P010,WH-S1,4323,1283,2025-12-28,B60939
2024-01-27,P010,WH-W1,3215,712,2025-04-21,B70012
2024-01-27,P010,WH-N1,1413,304,2026-01-15,B87354
2024-01-27,P010,WH-G1,694,160,2024-08-24,B41270
2024-01-27,P010,WH-E1,2501,191,2024-09-17,B76954
2024-01-27,P011,WH-W1,1521,177,2025-11-15,B31871
2024-01-27,P011,WH-C1,4011,191,2025-03-14,B69113
2024-01-27,P011,WH-S1,439,2,2025-09-04,B27895
2024-01-27,P011,WH-E1,1598,575,2025-09-25,B95599
2024-01-27,P011,WH-G1,4054,1007,2025-06-25,B68176
2024-01-27,P011,WH-N1,4003,578,2024-05-27,B38905
2024-01-27,P012,WH-N1,1377,579,2025-09-15,B82053
2024-01-27,P012,WH-E1,4184,116,2025-01-25,B81186
2024-01-27,P012,WH-S1,3005,85,2025-07-21,B81611
2024-01-27,P012,WH-C1,1790,209,2025-01-04,B49021
2024-01-27,P012,WH-W1,264,44,2024-07-24,B67549
2024-01-27,P014,WH-S1,4999,679,2026-01-16,B28249
2024-01-27,P014,WH-G1,1692,824,2024-06-25,B84720
2024-01-27,P014,WH-E1,2873,344,2025-03-23,B48356
2024-02-26,P001,WH-C1,485,64,2024-10-08,B42725
2024-02-26,P001,WH-E1,1198,253,2025-07-02,B74154
2024-02-26,P001,WH-N1,1164,137,2025-07-24,B59174
2024-02-26,P001,WH-W1,3702,406,2024-08-29,B62802
2024-02-26,P001,WH-S1,4223,1422,2025-06-07,B69597
2024-02-26,P002,WH-E1,2934,1094,2025-07-07,B38551
2024-02-26,P002,WH-C1,3519,1013,2025-02-24,B52318
2024-02-26,P002,WH-N1,2323,591,2024-10-06,B84205
2024-02-26,P002,WH-G1,3975,1831,2024-07-14,B16021
2024-02-26,P002,WH-W1,815,235,2024-06-11,B26284
2024-02-26,P002,WH-S1,1294,0,2025-08-07,B36518
2024-02-26,P003,WH-G1,764,128,2024-08-18,B58738
2024-02-26,P003,WH-E1,1355,160,2025-04-03,B40689
2024-02-26,P003,WH-S1,3516,1441,2024-08-31,B10142
2024-02-26,P003,WH-W1,1748,135,2026-01-23,B39647
2024-02-26,P004,WH-N1,3913,392,2024-08-25,B23425
2024-02-26,P004,WH-G1,845,76,2024-10-13,B60164
2024-02-26,P004,WH-E1,1090,346,2024-10-19,B18966
2024-02-26,P004,WH-C1,4345,1249,2024-11-10,B67684
2024-02-26,P004,WH-S1,2876,1286,2024-10-28,B63963
2024-02-26,P004,WH-W1,3624,177,2024-09-05,B28351
2024-02-26,P005,WH-C1,3517,143,2025-02-03,B46302
2024-02-26,P005,WH-W1,690,153,2026-01-30,B89638
2024-02-26,P005,WH-E1,2334,54,2025-03-30,B36928
2024-02-26,P006,WH-G1,447,203,2025-01-26,B74865
2024-02-26,P006,WH-W1,3161,255,2026-01-24,B19307
2024-02-26,P006,WH-E1,4327,49,2025-05-30,B51480
2024-02-26,P006,WH-C1,1081,291,2025-07-30,B57895
2024-02-26,P007,WH-W1,553,13,2024-07-05,B17925
2024-02-26,P007,WH-N1,3260,1026,2025-07-25,B65518
2024-02-26,P007,WH-C1,3295,274,2025-11-27,B90746
2024-02-26,P007,WH-E1,1250,158,2024-08-14,B77017
2024-02-26,P008,WH-S1,4804,1709,2024-08-01,B50654
2024-02-26,P008,WH-C1,3583,488,2024-07-24,B42044
2024-02-26,P008,WH-E1,706,59,2025-09-02,B90254
2024-02-26,P008,WH-G1,4987,179,2024-09-25,B11660
2024-02-26,P009,WH-G1,2840,530,2024-11-12,B58741
2024-02-26,P009,WH-N1,1039,447,2025-02-25,B25473
2024-02-26,P009,WH-S1,240,54,2025-02-28,B78662
2024-02-26,P009,WH-W1,523,73,2024-08-12,B75031
2024-02-26,P010,WH-C1,1288,52,2026-01-03,B98358
2024-02-26,P010,WH-E1,944,130,2024-05-28,B15772
2024-02-26,P010,WH-N1,100,15,2025-06-02,B60197
2024-02-26,P010,WH-S1,1229,219,2024-07-01,B82465
2024-02-26,P010,WH-W1,3435,254,2025-07-26,B51934
2024-02-26,P010,WH-G1,2222,763,2024-09-25,B75803
2024-02-26,P011,WH-S1,3284,238,2025-03-11,B50723
2024-02-26,P011,WH-G1,2681,233,2024-06-03,B58354
2024-02-26,P011,WH-N1,1643,401,2025-04-02,B91620
2024-02-26,P012,WH-W1,4477,1004,2024-10-27,B10835
2024-02-26,P012,WH-E1,3359,277,2025-05-15,B93354
2024-02-26,P012,WH-G1,78,0,2025-06-15,B50306
2024-02-26,P012,WH-N1,851,60,2025-07-29,B74491
2024-02-26,P014,WH-S1,359,133,2025-07-22,B58823
2024-02-26,P014,WH-E1,3755,347,2026-01-10,B22527
2024-02-26,P014,WH-N1,4140,403,2024-08-10,B87580
2024-03-27,P001,WH-W1,2389,322,2025-08-01,B52762
2024-03-27,P001,WH-S1,2605,239,2024-09-09,B36569
2024-03-27,P001,WH-C1,1115,111,2024-12-01,B23848
2024-03-27,P002,WH-W1,989,106,2025-09-30,B50410
2024-03-27,P002,WH-G1,3795,122,2024-09-25,B30658
2024-03-27,P002,WH-E1,2492,1235,2024-08-05,B38183
2024-03-27,P002,WH-S1,2685,364,2025-03-06,B56627
2024-03-27,P003,WH-C1,3312,1138,2026-01-09,B42748
2024-03-27,P003,WH-N1,775,71,2024-10-27,B11567
2024-03-27,P003,WH-E1,505,113,2024-11-05,B35969
2024-03-27,P003,WH-S1,3281,645,2024-09-19,B86326
2024-03-27,P003,WH-G1,4801,153,2024-07-17,B18450
2024-03-27,P003,WH-W1,1619,454,2024-11-03,B22055
2024-03-27,P004,WH-N1,4701,1483,2025-08-03,B75028
2024-03-27,P004,WH-G1,241,54,2024-12-18,B56392
2024-03-27,P004,WH-W1,1758,281,2025-04-07,B68459
2024-03-27,P004,WH-C1,1217,62,2025-04-23,B75390
2024-03-27,P004,WH-E1,3375,981,2024-08-26,B21497
2024-03-27,P005,WH-W1,4453,1566,2025-06-27,B72873
2024-03-27,P005,WH-S1,4460,1409,2026-01-25,B75849
2024-03-27,P005,WH-G1,2634,184,2024-07-21,B51795
2024-03-27,P005,WH-N1,4891,575,2024-08-23,B71824
2024-03-27,P005,WH-E1,4337,1196,2025-02-18,B30922
2024-03-27,P006,WH-S1,4371,229,2025-02-04,B85457
2024-03-27,P006,WH-G1,3181,859,2024-12-19,B33081
2024-03-27,P006,WH-E1,1937,755,2025-06-27,B87537
2024-03-27,P007,WH-G1,4612,2016,2026-01-01,B50508
2024-03-27,P007,WH-E1,1438,46,2024-08-21,B40490
2024-03-27,P007,WH-S1,4928,978,2024-06-25,B53481
2024-03-27,P008,WH-S1,487,37,2024-11-17,B24538
2024-03-27,P008,WH-E1,4311,297,2025-07-12,B96787
2024-03-27,P008,WH-G1,3240,689,2025-04-30,B52284
2024-03-27,P008,WH-W1,1117,447,2025-11-05,B95089
2024-03-27,P009,WH-S1,3099,705,2025-04-22,B26691
2024-03-27,P009,WH-C1,1455,586,2025-07-30,B84381
2024-03-27,P009,WH-E1,265,20,2026-03-13,B38953
2024-03-27,P009,WH-N1,4632,508,2024-11-16,B53406
2024-03-27,P009,WH-W1,637,81,2024-12-13,B93386
2024-03-27,P010,WH-G1,93,7,2024-09-02,B55938
2024-03-27,P010,WH-E1,2102,2,2024-08-13,B60585
2024-03-27,P010,WH-W1,3589,340,2025-08-22,B74629
2024-03-27,P011,WH-E1,1332,409,2024-07-29,B48654
2024-03-27,P011,WH-C1,164,6,2024-09-08,B54801
2024-03-27,P011,WH-W1,1393,164,2024-09-09,B81702
2024-03-27,P011,WH-N1,762,157,2025-11-01,B14062
2024-03-27,P011,WH-S1,3533,337,2026-03-08,B66911
2024-03-27,P011,WH-G1,1286,84,2025-01-21,B34901
2024-03-27,P012,WH-G1,1945,201,2026-01-31,B82045
2024-03-27,P012,WH-C1,4021,369,2024-06-28,B66047
2024-03-27,P012,WH-E1,717,169,2026-03-01,B72957
2024-03-27,P012,WH-W1,1635,52,2024-12-16,B93648
2024-03-27,P012,WH-S1,2390,969,2024-10-21,B50416
2024-03-27,P012,WH-N1,3256,542,2024-09-26,B94130
2024-03-27,P014,WH-S1,365,59,2025-03-21,B39654
2024-03-27,P014,WH-E1,2200,154,2024-10-02,B21233
2024-03-27,P014,WH-W1,2816,847,2026-02-18,B39820
2024-03-27,P014,WH-G1,4535,396,2025-12-12,B64870
2024-03-27,P014,WH-N1,4386,1917,2025-10-24,B85066
2024-03-27,P014,WH-C1,1930,80,2025-08-03,B14551
2024-04-26,P001,WH-N1,1735,129,2024-09-06,B65492
2024-04-26,P001,WH-W1,641,222,2025-02-16,B92211
2024-04-26,P001,WH-S1,1211,264,2025-06-17,B18783
2024-04-26,P001,WH-G1,712,101,2026-02-10,B52746
2024-04-26,P002,WH-C1,921,75,2026-02-25,B87061
2024-04-26,P002,WH-W1,4773,410,2024-11-10,B83752
2024-04-26,P002,WH-N1,827,274,2025-07-12,B63856
2024-04-26,P002,WH-E1,2163,497,2026-03-02,B89817
2024-04-26,P002,WH-S1,3875,141,2025-09-10,B28855
2024-04-26,P003,WH-N1,3892,1525,2024-08-14,B54284
2024-04-26,P003,WH-W1,2482,503,2024-11-02,B39878
2024-04-26,P003,WH-E1,1100,226,2025-06-18,B45313
2024-04-26,P003,WH-C1,3414,182,2025-02-02,B67896
2024-04-26,P003,WH-G1,1731,416,2025-12-03,B77698
2024-04-26,P003,WH-S1,3063,1055,2025-01-03,B18600
2024-04-26,P004,WH-G1,1423,102,2024-09-22,B42701
2024-04-26,P004,WH-C1,270,46,2025-02-13,B45910
2024-04-26,P004,WH-W1,3017,1034,2025-09-04,B93284
2024-04-26,P004,WH-N1,1014,123,2025-08-10,B74066
2024-04-26,P004,WH-E1,4866,971,2026-03-17,B82264
2024-04-26,P005,WH-E1,2335,25,2025-01-07,B85007
2024-04-26,P005,WH-S1,1755,662,2025-03-12,B98826
2024-04-26,P005,WH-G1,1693,209,2026-01-01,B12628
2024-04-26,P005,WH-W1,72,4,2025-01-18,B88792
2024-04-26,P005,WH-N1,69,9,2025-06-02,B94245
2024-04-26,P006,WH-W1,1787,533,2025-09-04,B86609
2024-04-26,P006,WH-G1,838,84,2025-08-12,B83591
2024-04-26,P006,WH-E1,4864,611,2024-11-12,B73142
2024-04-26,P006,WH-S1,522,70,2025-06-22,B46291
2024-04-26,P006,WH-C1,2139,913,2025-05-26,B34688
2024-04-26,P007,WH-C1,3310,1394,2024-12-15,B13336
2024-04-26,P007,WH-S1,4074,1062,2025-09-26,B63031
2024-04-26,P007,WH-N1,3180,1194,2026-03-02,B34892
2024-04-26,P007,WH-E1,2811,455,2026-01-23,B93665
2024-04-26,P008,WH-G1,799,132,2026-02-17,B33995
2024-04-26,P008,WH-E1,2749,455,2025-07-23,B39272
2024-04-26,P008,WH-C1,2515,339,2025-08-09,B44152
2024-04-26,P008,WH-N1,4796,241,2025-11-18,B17035
2024-04-26,P008,WH-W1,4780,1271,2024-10-05,B71894
2024-04-26,P008,WH-S1,1593,390,2026-01-18,B49106
2024-04-26,P009,WH-N1,4664,1874,2024-12-18,B51469
2024-04-26,P009,WH-S1,1477,499,2025-06-30,B92710
2024-04-26,P009,WH-C1,1448,29,2024-07-29,B69251
2024-04-26,P009,WH-G1,2240,396,2025-01-13,B85534
2024-04-26,P009,WH-W1,1297,390,2024-10-23,B26961
2024-04-26,P009,WH-E1,3552,826,2025-10-07,B72573
2024-04-26,P010,WH-N1,2639,1087,2025-02-05,B12348
2024-04-26,P010,WH-G1,33,3,2025-03-13,B55134
2024-04-26,P010,WH-S1,2556,196,2025-12-22,B87158
2024-04-26,P010,WH-E1,2507,421,2024-09-09,B49085
2024-04-26,P010,WH-W1,2382,532,2026-03-27,B78697
2024-04-26,P010,WH-C1,2767,703,2024-12-09,B54922
2024-04-26,P011,WH-E1,1837,134,2025-02-26,B12872
2024-04-26,P011,WH-S1,4830,252,2025-08-04,B95267
2024-04-26,P011,WH-C1,306,81,2025-04-12,B80088
2024-04-26,P011,WH-W1,398,12,2024-11-12,B95664
2024-04-26,P011,WH-N1,161,3,2025-09-24,B68237
2024-04-26,P011,WH-G1,3115,129,2025-11-22,B30070
2024-04-26,P012,WH-G1,827,138,2026-04-06,B27978
2024-04-26,P012,WH-N1,3431,214,2025-12-30,B90962
2024-04-26,P012,WH-E1,964,200,2024-11-10,B75239
2024-04-26,P012,WH-S1,1627,269,2026-01-11,B36433
2024-04-26,P014,WH-G1,4490,425,2025-11-29,B53332
2024-04-26,P014,WH-W1,1921,171,2024-10-24,B24474
2024-04-26,P014,WH-E1,4703,305,2024-10-25,B77070
2024-04-26,P014,WH-N1,614,51,2025-04-13,B94454
2024-04-26,P014,WH-C1,1893,303,2025-04-21,B70853
2024-05-26,P001,WH-N1,2380,320,2025-11-03,B25191
2024-05-26,P001,WH-S1,778,23,2024-09-02,B28139
2024-05-26,P001,WH-G1,1396,224,2025-05-25,B22183
2024-05-26,P002,WH-E1,3739,394,2025-12-26,B65278
2024-05-26,P002,WH-S1,1366,178,2024-10-23,B30892
2024-05-26,P002,WH-N1,849,247,2026-03-29,B98918
2024-05-26,P002,WH-C1,3589,388,2025-08-26,B90131
2024-05-26,P002,WH-G1,236,112,2025-01-04,B73318
2024-05-26,P003,WH-N1,2574,268,2026-04-06,B84057
2024-05-26,P003,WH-W1,1834,692,2026-02-06,B78564
2024-05-26,P003,WH-C1,780,186,2025-05-05,B73167
2024-05-26,P003,WH-G1,2832,788,2025-01-23,B83183
2024-05-26,P003,WH-E1,447,10,2026-01-23,B71510
2024-05-26,P003,WH-S1,4061,306,2026-01-09,B52026
2024-05-26,P004,WH-E1,1824,387,2025-10-10,B40801
2024-05-26,P004,WH-G1,645,205,2026-04-02,B68733
2024-05-26,P004,WH-N1,721,228,2025-07-13,B25559
2024-05-26,P004,WH-C1,4074,36,2024-12-07,B62879
2024-05-26,P005,WH-N1,3737,1488,2024-10-18,B39218
2024-05-26,P005,WH-C1,3722,785,2026-04-30,B72014
2024-05-26,P005,WH-G1,2976,233,2024-12-01,B96364
2024-05-26,P005,WH-W1,1816,90,2025-06-18,B81786
2024-05-26,P005,WH-S1,4276,217,2024-10-09,B31516
2024-05-26,P005,WH-E1,4033,419,2024-12-11,B43330
2024-05-26,P006,WH-S1,3744,390,2025-08-05,B24125
2024-05-26,P006,WH-N1,3395,324,2026-04-18,B26150
2024-05-26,P006,WH-W1,3690,1206,2026-01-22,B27647
2024-05-26,P006,WH-C1,4086,376,2024-10-12,B82512
2024-05-26,P007,WH-C1,848,153,2026-05-06,B52184
2024-05-26,P007,WH-W1,4129,1714,2026-05-09,B42537
2024-05-26,P007,WH-S1,2241,351,2025-06-21,B69355
2024-05-26,P007,WH-E1,1092,154,2026-01-30,B49179
2024-05-26,P007,WH-N1,4487,2267,2025-04-03,B36330
2024-05-26,P007,WH-G1,1717,297,2025-08-12,B98129
2024-05-26,P008,WH-G1,945,287,2025-12-28,B86389
2024-05-26,P008,WH-S1,4674,1709,2026-02-21,B47477
2024-05-26,P008,WH-E1,3460,1070,2024-12-11,B13312
2024-05-26,P008,WH-W1,3120,57,2025-03-16,B44993
2024-05-26,P009,WH-E1,2417,277,2024-09-26,B57013
2024-05-26,P009,WH-G1,3707,229,2026-03-21,B60972
2024-05-26,P009,WH-S1,1946,294,2024-10-11,B60014
2024-05-26,P009,WH-N1,3174,807,2025-07-10,B82368
2024-05-26,P010,WH-N1,3629,1866,2025-09-04,B87120
2024-05-26,P010,WH-E1,4477,804,2025-03-10,B48558
2024-05-26,P010,WH-S1,3676,76,2025-03-03,B32779
2024-05-26,P011,WH-W1,2286,133,2025-02-04,B86544
2024-05-26,P011,WH-N1,2089,119,2025-01-29,B15235
2024-05-26,P011,WH-G1,1259,611,2024-10-15,B91968
2024-05-26,P012,WH-W1,4304,188,2026-02-08,B18936
2024-05-26,P012,WH-C1,4138,556,2026-02-24,B62876
2024-05-26,P012,WH-E1,753,54,2025-07-29,B53393
2024-05-26,P012,WH-N1,2955,633,2026-02-18,B72240
2024-05-26,P012,WH-S1,4598,36,2024-12-19,B97679
2024-05-26,P014,WH-W1,3124,232,2025-09-23,B43631
2024-05-26,P014,WH-S1,4425,50,2026-02-04,B59146
2024-05-26,P014,WH-C1,4213,1825,2026-01-04,B15747
2024-05-26,P014,WH-N1,2428,394,2025-07-18,B77357
2024-05-26,P014,WH-G1,674,85,2026-02-25,B79888
2024-06-25,P001,WH-G1,1746,434,2025-01-07,B36945
2024-06-25,P001,WH-N1,4405,1782,2024-12-05,B99921
2024-06-25,P001,WH-S1,1259,84,2024-10-31,B21471
2024-06-25,P002,WH-N1,4571,233,2025-06-14,B63429
2024-06-25,P002,WH-S1,3178,828,2025-12-10,B51471
2024-06-25,P002,WH-E1,138,7,2026-03-24,B10773
2024-06-25,P003,WH-G1,594,128,2025-01-09,B47989
2024-06-25,P003,WH-C1,2468,288,2025-12-15,B59992
2024-06-25,P003,WH-N1,3236,63,2026-01-21,B30489
2024-06-25,P004,WH-S1,1180,191,2024-10-04,B82551
2024-06-25,P004,WH-W1,4547,42,2024-09-28,B85067
2024-06-25,P004,WH-E1,4887,1121,2024-12-19,B49936
2024-06-25,P004,WH-C1,1720,743,2025-09-10,B37752
2024-06-25,P005,WH-G1,2070,92,2026-04-26,B17128
2024-06-25,P005,WH-C1,4496,1125,2024-12-06,B48096
2024-06-25,P005,WH-S1,551,25,2026-05-10,B73857
2024-06-25,P005,WH-N1,2710,687,2025-05-21,B23113
2024-06-25,P005,WH-E1,2335,921,2025-04-09,B51652
2024-06-25,P005,WH-W1,3980,1262,2025-08-02,B86568
2024-06-25,P006,WH-C1,3508,320,2025-06-02,B39035
2024-06-25,P006,WH-G1,3572,368,2025-02-07,B99073
2024-06-25,P006,WH-E1,2716,947,2025-12-23,B57020
2024-06-25,P006,WH-S1,2502,111,2025-03-21,B94613
2024-06-25,P007,WH-E1,2156,641,2024-12-10,B19882
2024-06-25,P007,WH-S1,152,3,2026-05-11,B85877
2024-06-25,P007,WH-C1,3318,435,2024-10-30,B82298
2024-06-25,P008,WH-C1,2996,790,2026-05-19,B48141
2024-06-25,P008,WH-G1,1096,261,2024-12-24,B62007
2024-06-25,P008,WH-W1,2980,489,2026-06-13,B99674
2024-06-25,P008,WH-E1,1358,143,2025-12-23,B30869
2024-06-25,P008,WH-N1,1467,149,2026-01-31,B57028
2024-06-25,P009,WH-S1,514,29,2024-11-05,B97632
2024-06-25,P009,WH-W1,1693,369,2025-10-25,B71561
2024-06-25,P009,WH-G1,3724,81,2025-08-20,B23529
2024-06-25,P010,WH-G1,2992,159,2026-03-06,B42975
2024-06-25,P010,WH-E1,3082,456,2026-03-05,B63194
2024-06-25,P010,WH-S1,2890,706,2026-02-03,B73191
2024-06-25,P010,WH-W1,4949,142,2025-12-17,B31706
2024-06-25,P010,WH-C1,1884,143,2025-04-27,B29692
2024-06-25,P011,WH-S1,1886,338,2025-01-17,B73113
2024-06-25,P011,WH-E1,3922,1209,2025-03-07,B94837
2024-06-25,P011,WH-N1,3366,22,2025-01-31,B85168
2024-06-25,P011,WH-C1,4852,644,2026-03-01,B15136
2024-06-25,P012,WH-N1,4232,2308,2024-10-12,B96736
2024-06-25,P012,WH-S1,2322,443,2025-12-26,B89498
2024-06-25,P012,WH-E1,3861,698,2025-05-05,B63840
2024-06-25,P012,WH-G1,4922,596,2025-03-28,B91685
2024-06-25,P014,WH-S1,1882,135,2025-01-12,B12170
2024-06-25,P014,WH-E1,1657,516,2025-11-26,B29603
2024-06-25,P014,WH-W1,4960,487,2026-06-14,B88618
2024-06-25,P014,WH-C1,319,136,2026-02-20,B25403
2024-06-25,P014,WH-N1,763,66,2026-06-02,B80685
2024-07-25,P001,WH-G1,3034,1428,2026-04-18,B66224
2024-07-25,P001,WH-W1,1879,987,2025-11-17,B55943
2024-07-25,P001,WH-C1,4825,2359,2025-01-31,B65769
2024-07-25,P002,WH-E1,2320,556,2025-12-15,B43791
2024-07-25,P002,WH-W1,1548,1,2026-06-06,B78490
2024-07-25,P002,WH-S1,965,192,2025-05-21,B51405
2024-07-25,P002,WH-N1,3349,158,2026-01-02,B95403
2024-07-25,P003,WH-E1,2257,813,2025-05-19,B64162
2024-07-25,P003,WH-C1,4522,1976,2025-04-24,B58524
2024-07-25,P003,WH-W1,4580,519,2025-09-02,B85713
2024-07-25,P003,WH-G1,2820,815,2025-03-13,B96413
2024-07-25,P003,WH-S1,975,228,2025-04-06,B23143
2024-07-25,P004,WH-C1,426,0,2025-01-24,B29048
2024-07-25,P004,WH-W1,3863,1783,2025-01-21,B18399
2024-07-25,P004,WH-E1,2155,40,2026-07-08,B14948
2024-07-25,P004,WH-G1,3148,820,2026-07-13,B96006
2024-07-25,P005,WH-G1,3596,336,2026-04-06,B47487
2024-07-25,P005,WH-C1,1595,153,2026-03-29,B77608
2024-07-25,P005,WH-N1,1897,690,2024-11-28,B57151
2024-07-25,P005,WH-W1,1959,161,2025-01-19,B46167
2024-07-25,P005,WH-S1,3272,404,2025-12-12,B86818
2024-07-25,P006,WH-C1,4502,712,2025-10-13,B46242
2024-07-25,P006,WH-N1,1853,199,2026-01-31,B62947
2024-07-25,P006,WH-G1,4709,89,2025-12-13,B76353
2024-07-25,P006,WH-W1,872,257,2025-08-20,B54560
2024-07-25,P007,WH-C1,3627,1980,2025-06-29,B54520
2024-07-25,P007,WH-E1,3758,1201,2024-11-20,B73172
2024-07-25,P007,WH-G1,952,97,2025-06-05,B98724
2024-07-25,P008,WH-E1,4388,426,2025-07-19,B42539
2024-07-25,P008,WH-W1,2353,344,2025-10-08,B19965
2024-07-25,P008,WH-G1,4542,1951,2025-09-09,B56338
2024-07-25,P008,WH-C1,1790,275,2025-04-28,B99536
2024-07-25,P009,WH-W1,1982,423,2025-06-14,B36577
2024-07-25,P009,WH-S1,2045,729,2025-03-31,B23983
2024-07-25,P009,WH-C1,982,504,2026-07-13,B10868
2024-07-25,P009,WH-E1,4435,1975,2025-11-07,B91352
2024-07-25,P010,WH-W1,4187,227,2026-06-05,B26809
2024-07-25,P010,WH-C1,443,108,2026-02-24,B80879
2024-07-25,P010,WH-E1,266,50,2025-04-19,B69925
2024-07-25,P010,WH-S1,986,235,2025-09-11,B11103
2024-07-25,P010,WH-N1,96,24,2026-06-09,B23205
2024-07-25,P011,WH-E1,1942,313,2025-10-09,B57962
2024-07-25,P011,WH-C1,1506,215,2025-12-26,B58799
2024-07-25,P011,WH-G1,2990,572,2026-01-27,B33578
2024-07-25,P011,WH-N1,4680,589,2025-06-14,B23090
2024-07-25,P011,WH-S1,2211,885,2025-11-17,B35698
2024-07-25,P012,WH-G1,1446,68,2026-04-05,B79990
2024-07-25,P012,WH-S1,2586,614,2025-07-06,B83680
2024-07-25,P012,WH-W1,4651,101,2025-04-08,B17869
2024-07-25,P012,WH-N1,1765,487,2025-01-29,B68963
2024-07-25,P014,WH-E1,2819,62,2025-10-17,B99074
2024-07-25,P014,WH-G1,4960,589,2026-04-27,B32877
2024-07-25,P014,WH-C1,2331,522,2026-03-06,B68580
2024-07-25,P014,WH-W1,642,73,2026-02-09,B92799
2024-07-25,P014,WH-S1,1186,345,2025-12-28,B92742
2024-08-24,P001,WH-N1,2595,547,2026-08-03,B94494
2024-08-24,P001,WH-G1,3239,455,2025-11-28,B86928
2024-08-24,P001,WH-S1,4267,1695,2025-05-12,B34102
2024-08-24,P001,WH-W1,189,7,2025-08-06,B20494
2024-08-24,P001,WH-C1,1725,52,2025-02-27,B18361
2024-08-24,P001,WH-E1,3876,53,2026-01-02,B78679
2024-08-24,P002,WH-N1,690,199,2025-10-04,B40062
2024-08-24,P002,WH-E1,2026,453,2025-03-31,B27206
2024-08-24,P002,WH-S1,4315,117,2024-12-27,B96972
2024-08-24,P003,WH-E1,4493,1428,2026-05-28,B33204
2024-08-24,P003,WH-W1,4840,1292,2026-06-22,B67013
2024-08-24,P003,WH-C1,4288,1093,2025-10-05,B55504
2024-08-24,P003,WH-G1,3945,183,2026-02-17,B50352
2024-08-24,P003,WH-S1,2996,159,2025-09-28,B11383
2024-08-24,P004,WH-C1,2349,8,2026-04-09,B72530
2024-08-24,P004,WH-S1,2454,220,2025-09-17,B88250
2024-08-24,P004,WH-E1,1894,561,2025-12-09,B34716
2024-08-24,P005,WH-C1,3099,81,2026-01-28,B91962
2024-08-24,P005,WH-W1,1962,627,2025-08-27,B47313
2024-08-24,P005,WH-G1,4357,1691,2025-06-02,B18973
2024-08-24,P005,WH-N1,1494,28,2026-03-03,B90967
2024-08-24,P005,WH-E1,3709,637,2026-04-09,B34613
2024-08-24,P005,WH-S1,2626,25,2026-05-23,B12900
2024-08-24,P006,WH-N1,3591,476,2025-02-22,B29750
2024-08-24,P006,WH-E1,120,21,2026-01-26,B50838
2024-08-24,P006,WH-C1,4082,1899,2024-12-24,B53286
2024-08-24,P006,WH-G1,657,74,2025-01-18,B44931
2024-08-24,P007,WH-N1,3125,249,2025-08-03,B60436
2024-08-24,P007,WH-C1,3628,34,2025-06-13,B70402
2024-08-24,P007,WH-W1,769,106,2026-03-21,B61003
2024-08-24,P007,WH-G1,2556,324,2025-01-04,B82034
2024-08-24,P007,WH-E1,4267,492,2025-09-23,B36047
2024-08-24,P007,WH-S1,2952,1365,2025-07-03,B24801
2024-08-24,P008,WH-G1,1371,598,2025-03-24,B61879
2024-08-24,P008,WH-W1,1991,10,2026-07-10,B72294
2024-08-24,P008,WH-E1,4884,789,2025-02-21,B42600
2024-08-24,P008,WH-N1,1291,351,2025-11-03,B91937
2024-08-24,P009,WH-N1,4393,515,2026-04-05,B40497
2024-08-24,P009,WH-E1,2594,1320,2025-11-12,B67503
2024-08-24,P009,WH-S1,1580,96,2025-11-23,B27659
2024-08-24,P010,WH-N1,4446,388,2026-06-25,B34461
2024-08-24,P010,WH-W1,4453,959,2025-08-30,B88470
2024-08-24,P010,WH-C1,4542,543,2025-04-29,B68901
2024-08-24,P010,WH-E1,2422,1109,2025-12-02,B69517
2024-08-24,P010,WH-S1,5,2,2025-12-15,B34318
2024-08-24,P011,WH-C1,2627,1103,2025-12-23,B34886
2024-08-24,P011,WH-E1,4293,1568,2026-06-09,B30202
2024-08-24,P011,WH-S1,2319,329,2025-03-15,B22616
2024-08-24,P012,WH-N1,256,31,2025-06-06,B22943
2024-08-24,P012,WH-S1,260,49,2026-04-07,B78920
2024-08-24,P012,WH-C1,4835,750,2025-07-06,B89423
2024-08-24,P014,WH-N1,655,163,2025-01-23,B57307
2024-08-24,P014,WH-S1,4571,1703,2025-12-04,B17641
2024-08-24,P014,WH-W1,2177,751,2025-02-02,B49833
2024-09-23,P001,WH-S1,829,272,2026-01-20,B34832
2024-09-23,P001,WH-C1,1582,254,2026-07-28,B91962
2024-09-23,P001,WH-N1,1465,425,2025-04-09,B93705
2024-09-23,P002,WH-G1,1477,516,2025-12-02,B96184
2024-09-23,P002,WH-W1,1295,307,2026-03-20,B56179
2024-09-23,P002,WH-C1,2581,332,2026-01-06,B64046
2024-09-23,P002,WH-N1,3527,662,2026-09-06,B41551
2024-09-23,P002,WH-E1,4613,768,2026-07-08,B43303
2024-09-23,P003,WH-W1,2330,530,2025-05-09,B49562
2024-09-23,P003,WH-G1,53,3,2025-07-29,B51275
2024-09-23,P003,WH-C1,177,35,2026-07-11,B77013
2024-09-23,P003,WH-N1,4557,1170,2025-05-29,B22358
2024-09-23,P003,WH-E1,309,19,2025-05-12,B44732
2024-09-23,P004,WH-C1,752,111,2025-03-11,B52558
2024-09-23,P004,WH-S1,3952,706,2026-08-04,B22499
2024-09-23,P004,WH-G1,4876,153,2026-08-04,B60010
2024-09-23,P004,WH-W1,642,171,2025-12-13,B66925
2024-09-23,P004,WH-E1,3412,246,2025-08-11,B95561
2024-09-23,P005,WH-G1,2496,326,2026-06-27,B84044
2024-09-23,P005,WH-W1,1225,113,2025-05-27,B16621
2024-09-23,P005,WH-N1,3218,1541,2026-08-23,B85399
2024-09-23,P006,WH-S1,3230,344,2025-03-16,B72371
2024-09-23,P006,WH-W1,4681,1635,2025-09-16,B21151
2024-09-23,P006,WH-E1,3264,267,2025-05-09,B73035
2024-09-23,P007,WH-W1,4294,73,2025-09-20,B66369
2024-09-23,P007,WH-G1,2649,183,2025-04-16,B98047
2024-09-23,P007,WH-S1,3388,713,2025-07-05,B52039
2024-09-23,P007,WH-E1,2822,49,2025-10-30,B32184
2024-09-23,P008,WH-C1,1912,191,2025-05-30,B21247
2024-09-23,P008,WH-W1,920,124,2025-05-22,B47707
2024-09-23,P008,WH-S1,112,25,2025-04-14,B49992
2024-09-23,P008,WH-G1,3686,679,2025-07-24,B80517
2024-09-23,P008,WH-N1,1735,267,2025-09-12,B81932
2024-09-23,P009,WH-C1,1395,51,2025-09-25,B16957
2024-09-23,P009,WH-S1,3808,17,2025-02-28,B60940
2024-09-23,P009,WH-N1,2222,934,2025-12-25,B24141
2024-09-23,P009,WH-G1,156,24,2025-08-15,B59899
2024-09-23,P009,WH-W1,4165,407,2025-11-10,B73525
2024-09-23,P009,WH-E1,4891,381,2025-07-13,B75621
2024-09-23,P010,WH-C1,4013,321,2025-01-09,B55453
2024-09-23,P010,WH-N1,2882,309,2025-08-20,B75700
2024-09-23,P010,WH-G1,2259,527,2026-01-22,B13862
2024-09-23,P010,WH-W1,4546,923,2025-05-26,B54798
2024-09-23,P010,WH-S1,3218,179,2026-01-17,B78251
2024-09-23,P010,WH-E1,1863,156,2026-03-03,B50944
2024-09-23,P011,WH-W1,4759,1638,2025-07-17,B28102
2024-09-23,P011,WH-C1,2531,1072,2025-05-09,B66369
2024-09-23,P011,WH-S1,1189,289,2025-06-01,B51614
2024-09-23,P011,WH-N1,555,184,2025-04-22,B34134
2024-09-23,P011,WH-E1,2601,298,2025-01-21,B51771
2024-09-23,P012,WH-W1,1539,47,2025-01-17,B90213
2024-09-23,P012,WH-E1,2186,627,2025-08-15,B88166
2024-09-23,P012,WH-G1,1902,13,2025-12-24,B20417
2024-09-23,P012,WH-C1,3904,619,2026-04-16,B95140
2024-09-23,P012,WH-S1,3063,396,2026-05-09,B72108
2024-09-23,P012,WH-N1,1126,57,2025-01-24,B63554
2024-09-23,P014,WH-E1,1661,67,2025-06-21,B67577
2024-09-23,P014,WH-W1,4013,1775,2026-04-04,B42346
2024-09-23,P014,WH-S1,3502,85,2026-09-05,B59856
2024-10-23,P001,WH-W1,3699,86,2025-09-29,B77987
2024-10-23,P001,WH-C1,4406,80,2026-08-15,B60777
2024-10-23,P001,WH-N1,4228,1971,2025-03-12,B34884
2024-10-23,P001,WH-E1,2385,311,2025-11-09,B70469
2024-10-23,P001,WH-G1,1363,313,2025-03-17,B77760
2024-10-23,P002,WH-W1,4101,599,2026-08-03,B27734
2024-10-23,P002,WH-G1,3220,461,2025-02-15,B33445
2024-10-23,P002,WH-N1,3716,1459,2025-08-15,B69596
2024-10-23,P002,WH-E1,738,166,2025-07-07,B26193
2024-10-23,P003,WH-N1,698,98,2026-06-28,B90225
2024-10-23,P003,WH-W1,1309,194,2025-03-06,B32398
2024-10-23,P003,WH-E1,2745,307,2025-07-06,B28953
2024-10-23,P004,WH-G1,2535,913,2025-11-12,B92110
2024-10-23,P004,WH-N1,1480,33,2025-08-16,B10463
2024-10-23,P004,WH-W1,2073,127,2026-06-15,B81237
2024-10-23,P004,WH-S1,47,15,2025-09-21,B38426
2024-10-23,P005,WH-W1,4483,425,2025-03-12,B34227
2024-10-23,P005,WH-G1,1214,89,2025-02-27,B29054
2024-10-23,P005,WH-C1,265,107,2026-09-30,B49117
2024-10-23,P005,WH-N1,2712,100,2025-05-12,B64651
2024-10-23,P005,WH-E1,1460,145,2026-10-08,B96628
2024-10-23,P005,WH-S1,4873,1151,2025-07-21,B69682
2024-10-23,P006,WH-N1,3104,1553,2026-04-03,B82151
2024-10-23,P006,WH-G1,531,34,2025-05-25,B45968
2024-10-23,P006,WH-E1,2696,537,2025-08-23,B37400
2024-10-23,P006,WH-S1,476,67,2025-04-20,B73394
2024-10-23,P006,WH-W1,4954,1176,2026-04-03,B89802
2024-10-23,P007,WH-E1,4257,1019,2026-06-09,B33580
2024-10-23,P007,WH-C1,4992,594,2025-08-07,B10207
2024-10-23,P007,WH-G1,968,80,2025-05-21,B37175
2024-10-23,P007,WH-N1,3396,683,2026-01-14,B83454
2024-10-23,P007,WH-S1,1739,51,2025-11-05,B43347
2024-10-23,P008,WH-E1,50,5,2026-01-05,B61910
2024-10-23,P008,WH-G1,4660,59,2025-07-19,B35430
2024-10-23,P008,WH-C1,2707,1377,2026-05-26,B72193
2024-10-23,P009,WH-G1,1272,343,2026-05-09,B64257
2024-10-23,P009,WH-S1,458,76,2026-08-22,B98892
2024-10-23,P009,WH-W1,2584,19,2025-08-22,B85680
2024-10-23,P010,WH-E1,2778,1283,2026-07-22,B31753
2024-10-23,P010,WH-N1,4677,383,2026-09-22,B25315
2024-10-23,P010,WH-S1,2525,644,2025-02-22,B45585
2024-10-23,P010,WH-W1,3390,449,2025-09-21,B58704
2024-10-23,P010,WH-C1,3702,619,2025-08-30,B78825
2024-10-23,P011,WH-S1,758,6,2026-05-30,B75543
2024-10-23,P011,WH-N1,1262,236,2026-05-31,B78632
2024-10-23,P011,WH-E1,2542,293,2025-05-01,B77652
2024-10-23,P011,WH-C1,1087,9,2026-05-06,B60801
2024-10-23,P011,WH-W1,4279,318,2025-03-07,B87894
2024-10-23,P012,WH-E1,844,159,2025-02-13,B85701
2024-10-23,P012,WH-W1,2557,429,2025-12-15,B36287
2024-10-23,P012,WH-N1,1577,272,2025-12-13,B67817
2024-10-23,P014,WH-E1,2241,318,2026-08-17,B77378
2024-10-23,P014,WH-S1,838,89,2026-08-06,B51744
2024-10-23,P014,WH-C1,2220,360,2025-11-07,B85246
2024-11-22,P001,WH-S1,2774,103,2025-07-03,B13800
2024-11-22,P001,WH-N1,3856,206,2025-06-08,B60279
2024-11-22,P001,WH-E1,440,25,2025-08-22,B88134
2024-11-22,P001,WH-W1,4855,1413,2026-05-22,B90781
2024-11-22,P002,WH-E1,3814,190,2026-06-14,B22748
2024-11-22,P002,WH-G1,3732,659,2026-06-11,B71675
2024-11-22,P002,WH-S1,1898,294,2025-11-11,B57638
2024-11-22,P002,WH-C1,3211,338,2026-01-18,B69412
2024-11-22,P002,WH-N1,3993,243,2025-06-15,B56064
2024-11-22,P003,WH-W1,3323,1631,2025-06-09,B52712
2024-11-22,P003,WH-S1,4555,1622,2025-12-26,B79828
2024-11-22,P003,WH-E1,3776,846,2025-10-22,B91379
2024-11-22,P003,WH-C1,1996,493,2026-03-20,B18658
2024-11-22,P003,WH-N1,2791,441,2026-05-11,B84345
2024-11-22,P003,WH-G1,2803,483,2025-08-16,B96849
2024-11-22,P004,WH-G1,936,237,2026-01-19,B82756
2024-11-22,P004,WH-C1,799,90,2026-01-01,B63188
2024-11-22,P004,WH-W1,570,175,2026-10-23,B59664
2024-11-22,P005,WH-W1,4757,2605,2025-02-20,B29231
2024-11-22,P005,WH-N1,1222,149,2026-03-26,B90684
2024-11-22,P005,WH-C1,4734,421,2026-01-10,B49286
2024-11-22,P005,WH-G1,4671,1247,2026-05-11,B55123
2024-11-22,P005,WH-E1,731,261,2026-04-09,B26718
2024-11-22,P006,WH-N1,898,443,2025-03-23,B40833
2024-11-22,P006,WH-E1,3536,807,2026-01-11,B60173
2024-11-22,P006,WH-G1,3326,558,2025-09-24,B96833
2024-11-22,P006,WH-W1,1420,96,2026-09-11,B60409
2024-11-22,P006,WH-S1,2951,315,2025-12-12,B97826
2024-11-22,P007,WH-S1,128,15,2026-05-13,B27796
2024-11-22,P007,WH-N1,693,103,2026-04-21,B69772
2024-11-22,P007,WH-C1,4951,2552,2025-08-23,B69558
2024-11-22,P007,WH-E1,4173,921,2026-03-20,B56570
2024-11-22,P008,WH-S1,4080,969,2026-07-18,B45291
2024-11-22,P008,WH-W1,3365,1180,2026-03-02,B14385
2024-11-22,P008,WH-N1,310,90,2026-03-04,B24832
2024-11-22,P008,WH-E1,4753,1414,2025-05-12,B28623
2024-11-22,P009,WH-W1,2008,79,2026-08-26,B85973
2024-11-22,P009,WH-C1,2559,703,2026-08-21,B11413
2024-11-22,P009,WH-N1,3840,960,2026-09-30,B53452
2024-11-22,P009,WH-E1,3448,817,2025-12-18,B47907
2024-11-22,P009,WH-G1,1372,152,2025-12-28,B83886
2024-11-22,P010,WH-N1,2390,55,2025-12-10,B73538
2024-11-22,P010,WH-W1,675,9,2025-12-01,B43036
2024-11-22,P010,WH-S1,1085,140,2025-11-10,B11861
2024-11-22,P010,WH-E1,913,302,2025-07-24,B96396
2024-11-22,P010,WH-G1,3658,359,2025-11-14,B40958
2024-11-22,P011,WH-S1,4878,631,2026-07-12,B64125
2024-11-22,P011,WH-C1,3138,450,2025-08-10,B37637
2024-11-22,P011,WH-N1,4732,1413,2025-04-16,B94182
2024-11-22,P011,WH-G1,2165,237,2025-04-14,B31967
2024-11-22,P011,WH-W1,3801,617,2026-06-22,B79798
2024-11-22,P011,WH-E1,1914,399,2026-06-20,B44422
2024-11-22,P012,WH-C1,3676,646,2026-08-16,B99505
2024-11-22,P012,WH-W1,336,34,2026-02-17,B66595
2024-11-22,P012,WH-N1,2233,273,2025-05-31,B43468
2024-11-22,P012,WH-S1,4785,1382,2025-10-25,B98065
2024-11-22,P014,WH-C1,4486,4,2025-04-30,B11567
2024-11-22,P014,WH-E1,3368,53,2026-05-22,B56073
2024-11-22,P014,WH-S1,1797,257,2025-09-05,B14461
2024-11-22,P014,WH-W1,194,7,2026-10-21,B96062
2024-12-22,P001,WH-C1,4953,672,2026-10-22,B34217
2024-12-22,P001,WH-N1,908,129,2026-01-17,B71204
2024-12-22,P001,WH-G1,620,141,2026-06-02,B97500
2024-12-22,P001,WH-W1,2649,75,2025-12-30,B18177
2024-12-22,P002,WH-W1,3609,475,2025-10-13,B89993
2024-12-22,P002,WH-E1,3216,503,2025-07-11,B28857
2024-12-22,P002,WH-N1,4428,894,2026-12-10,B94323
2024-12-22,P002,WH-S1,870,366,2025-12-12,B23538
2024-12-22,P002,WH-C1,285,36,2025-12-03,B68442
2024-12-22,P002,WH-G1,153,19,2025-03-22,B14959
2024-12-22,P003,WH-E1,3916,143,2026-09-26,B39602
2024-12-22,P003,WH-S1,27,7,2025-07-24,B84349
2024-12-22,P003,WH-G1,4385,1470,2026-02-26,B99369
2024-12-22,P003,WH-C1,2480,647,2025-06-22,B57887
2024-12-22,P003,WH-N1,4379,1392,2025-06-12,B70245
2024-12-22,P003,WH-W1,2375,180,2026-10-10,B15155
2024-12-22,P004,WH-G1,2943,906,2026-06-13,B34833
2024-12-22,P004,WH-S1,1146,6,2026-11-19,B41258
2024-12-22,P004,WH-E1,4007,1107,2026-01-31,B75494
2024-12-22,P004,WH-W1,4374,1840,2025-04-07,B14855
2024-12-22,P004,WH-C1,2779,21,2026-05-11,B25491
2024-12-22,P004,WH-N1,1734,683,2026-09-08,B70079
2024-12-22,P005,WH-G1,302,125,2025-04-10,B71763
2024-12-22,P005,WH-C1,375,83,2025-08-02,B11882
2024-12-22,P005,WH-S1,1411,314,2025-06-29,B69793
2024-12-22,P005,WH-N1,1398,65,2025-07-08,B24965
2024-12-22,P006,WH-C1,2763,1389,2026-05-07,B52498
2024-12-22,P006,WH-G1,989,558,2025-08-09,B52151
2024-12-22,P006,WH-S1,1746,607,2025-09-15,B53975
2024-12-22,P006,WH-N1,517,18,2026-05-21,B32026
2024-12-22,P006,WH-E1,3030,898,2025-11-26,B86282
2024-12-22,P006,WH-W1,333,50,2026-12-09,B59300
2024-12-22,P007,WH-N1,59,1,2026-11-19,B47189
2024-12-22,P007,WH-W1,3409,974,2025-07-29,B37021
2024-12-22,P007,WH-G1,1172,267,2026-06-26,B64005
2024-12-22,P007,WH-C1,1959,77,2026-11-22,B33593
2024-12-22,P008,WH-C1,4568,120,2026-09-15,B22541
2024-12-22,P008,WH-N1,2964,1105,2026-08-23,B38740
2024-12-22,P008,WH-E1,3802,1350,2025-10-21,B46231
2024-12-22,P008,WH-S1,434,19,2026-07-20,B75210
2024-12-22,P008,WH-W1,1444,22,2025-05-16,B94523
2024-12-22,P008,WH-G1,2983,445,2025-12-04,B53816
2024-12-22,P009,WH-N1,238,14,2025-06-02,B40841
2024-12-22,P009,WH-G1,3643,667,2026-05-25,B36050
2024-12-22,P009,WH-C1,2668,112,2026-02-18,B39855
2024-12-22,P009,WH-E1,803,105,2025-10-12,B59221
2024-12-22,P009,WH-W1,1807,149,2026-07-31,B17122
2024-12-22,P009,WH-S1,3570,465,2025-09-20,B60768
2024-12-22,P010,WH-S1,2209,65,2025-04-23,B84536
2024-12-22,P010,WH-W1,488,14,2026-07-11,B70106
2024-12-22,P010,WH-G1,3426,351,2025-11-02,B48687
2024-12-22,P010,WH-E1,4944,813,2026-12-08,B32273
2024-12-22,P010,WH-C1,4735,940,2025-06-18,B63961
2024-12-22,P011,WH-S1,3507,505,2025-11-30,B52899
2024-12-22,P011,WH-C1,3557,1211,2025-08-21,B85196
2024-12-22,P011,WH-W1,41,0,2025-05-02,B71689
2024-12-22,P011,WH-G1,4130,271,2026-04-29,B72818
2024-12-22,P011,WH-E1,802,123,2025-06-15,B83202
2024-12-22,P011,WH-N1,101,26,2025-10-31,B27394
2024-12-22,P012,WH-E1,2497,235,2026-10-27,B86501
2024-12-22,P012,WH-S1,199,59,2025-08-10,B63131
2024-12-22,P012,WH-N1,1515,379,2026-07-10,B93021
2024-12-22,P012,WH-W1,11,0,2026-04-20,B53634
2024-12-22,P012,WH-C1,4349,218,2025-12-23,B90281
2024-12-22,P014,WH-G1,449,93,2025-05-13,B24544
2024-12-22,P014,WH-N1,3137,633,2025-05-02,B57916
2024-12-22,P014,WH-E1,3001,68,2026-10-17,B36832
2024-12-22,P014,WH-W1,1133,244,2026-09-25,B24884
2025-01-21,P001,WH-G1,2889,1031,2026-06-28,B46325
2025-01-21,P001,WH-C1,446,22,2026-07-28,B73730
2025-01-21,P001,WH-S1,4107,251,2026-08-15,B79717
2025-01-21,P001,WH-E1,4365,1851,2026-05-02,B98251
2025-01-21,P001,WH-N1,537,58,2025-07-19,B20508
2025-01-21,P001,WH-W1,3200,590,2025-07-08,B24334
2025-01-21,P002,WH-E1,1232,533,2025-05-14,B48426
2025-01-21,P002,WH-N1,3412,1108,2025-09-03,B72115
2025-01-21,P002,WH-S1,2840,755,2025-05-12,B48209
2025-01-21,P002,WH-W1,1548,59,2026-10-05,B94498
2025-01-21,P003,WH-W1,3982,1427,2026-10-15,B81888
2025-01-21,P003,WH-C1,3647,1161,2025-09-03,B50172
2025-01-21,P003,WH-E1,1406,232,2026-08-29,B58745
2025-01-21,P003,WH-G1,2360,96,2025-09-19,B56284
2025-01-21,P003,WH-S1,2329,170,2025-10-02,B80165
2025-01-21,P004,WH-S1,957,40,2026-11-30,B26577
2025-01-21,P004,WH-G1,3611,188,2025-11-17,B83726
2025-01-21,P004,WH-C1,284,44,2025-09-19,B58878
2025-01-21,P004,WH-N1,3673,332,2026-10-19,B49526
2025-01-21,P004,WH-E1,995,414,2026-09-14,B29055
2025-01-21,P005,WH-E1,3882,602,2026-11-20,B67947
2025-01-21,P005,WH-S1,2774,980,2025-06-01,B28274
2025-01-21,P005,WH-N1,4513,25,2026-06-06,B90939
2025-01-21,P005,WH-G1,1805,94,2026-03-21,B17213
2025-01-21,P005,WH-C1,4981,909,2026-01-30,B35652
2025-01-21,P005,WH-W1,184,14,2025-07-19,B77081
2025-01-21,P006,WH-S1,3256,437,2026-05-04,B60608
2025-01-21,P006,WH-W1,3054,176,2026-04-15,B50381
2025-01-21,P006,WH-E1,3650,179,2025-11-27,B68224
2025-01-21,P006,WH-C1,3404,591,2025-10-05,B65552
2025-01-21,P006,WH-N1,3393,88,2025-09-15,B37234
2025-01-21,P006,WH-G1,2484,537,2026-03-30,B18665
2025-01-21,P007,WH-N1,1432,140,2025-11-11,B34380
2025-01-21,P007,WH-G1,3127,502,2025-06-03,B49582
2025-01-21,P007,WH-W1,4794,1145,2026-08-08,B39428
2025-01-21,P007,WH-E1,219,19,2026-01-14,B49343
2025-01-21,P007,WH-S1,3871,294,2026-06-22,B33510
2025-01-21,P007,WH-C1,4029,1002,2025-05-20,B25644
2025-01-21,P008,WH-W1,4633,528,2026-08-21,B25674
2025-01-21,P008,WH-N1,3057,35,2026-01-11,B31344
2025-01-21,P008,WH-E1,4764,327,2026-08-06,B27759
2025-01-21,P008,WH-G1,2927,279,2026-04-25,B64986
2025-01-21,P008,WH-S1,2916,149,2026-10-15,B93747
2025-01-21,P009,WH-C1,774,85,2026-10-29,B52284
2025-01-21,P009,WH-S1,2590,616,2026-01-23,B99842
2025-01-21,P009,WH-G1,2969,296,2026-04-16,B28837
2025-01-21,P010,WH-S1,3055,843,2026-04-04,B31368
2025-01-21,P010,WH-C1,839,128,2025-12-03,B34696
2025-01-21,P010,WH-E1,4576,1702,2026-10-11,B79742
2025-01-21,P011,WH-W1,954,472,2025-05-08,B72851
2025-01-21,P011,WH-G1,2852,371,2025-09-10,B67925
2025-01-21,P011,WH-N1,4895,700,2025-10-14,B49935
2025-01-21,P012,WH-G1,1054,145,2025-12-09,B50295
2025-01-21,P012,WH-N1,1026,20,2026-06-30,B24643
2025-01-21,P012,WH-S1,636,61,2026-07-06,B15572
2025-01-21,P014,WH-N1,974,44,2025-06-27,B49537
2025-01-21,P014,WH-G1,84,7,2026-12-28,B36922
2025-01-21,P014,WH-C1,4813,756,2026-04-15,B13835
2025-01-21,P014,WH-S1,743,71,2026-12-05,B55591
2025-02-20,P001,WH-S1,811,390,2025-06-04,B79315
2025-02-20,P001,WH-C1,1777,288,2025-11-12,B80402
2025-02-20,P001,WH-G1,35,3,2025-12-26,B76085
2025-02-20,P001,WH-E1,3888,379,2026-08-14,B98280
2025-02-20,P001,WH-N1,879,90,2026-06-13,B65586
2025-02-20,P002,WH-C1,2574,56,2026-11-04,B27814
2025-02-20,P002,WH-S1,4061,1443,2026-03-12,B83024
2025-02-20,P002,WH-W1,332,31,2025-09-16,B60434
2025-02-20,P002,WH-N1,2323,753,2026-04-05,B68190
2025-02-20,P003,WH-C1,1546,487,2026-06-01,B33500
2025-02-20,P003,WH-W1,104,31,2025-09-05,B61952
2025-02-20,P003,WH-E1,3588,174,2025-09-20,B28791
2025-02-20,P003,WH-S1,3234,604,2025-09-02,B32114
2025-02-20,P004,WH-E1,1640,413,2025-09-23,B40522
2025-02-20,P004,WH-S1,3479,570,2027-01-06,B87810
2025-02-20,P004,WH-G1,2236,819,2026-05-20,B72367
2025-02-20,P005,WH-W1,1000,127,2026-01-12,B92361
2025-02-20,P005,WH-C1,1102,94,2025-07-14,B18942
2025-02-20,P005,WH-E1,4080,366,2026-06-16,B89244
2025-02-20,P005,WH-N1,2678,318,2025-08-27,B20029
2025-02-20,P005,WH-S1,4259,1908,2025-12-13,B48477
2025-02-20,P005,WH-G1,4078,535,2026-11-27,B55038
2025-02-20,P006,WH-N1,3142,873,2026-06-10,B68006
2025-02-20,P006,WH-W1,3765,90,2026-12-12,B96430
2025-02-20,P006,WH-G1,2482,336,2026-10-06,B66450
2025-02-20,P007,WH-E1,4660,1351,2026-12-09,B99833
2025-02-20,P007,WH-W1,4418,974,2026-12-17,B30487
2025-02-20,P007,WH-C1,4150,269,2026-10-09,B87469
2025-02-20,P007,WH-N1,3094,722,2026-03-08,B52006
2025-02-20,P008,WH-N1,1050,357,2027-01-08,B13525
2025-02-20,P008,WH-C1,2795,438,2026-05-09,B56840
2025-02-20,P008,WH-G1,3374,677,2026-01-26,B42455
2025-02-20,P009,WH-G1,536,58,2026-05-01,B32253
2025-02-20,P009,WH-E1,161,2,2026-09-04,B96214
2025-02-20,P009,WH-N1,3460,862,2026-02-18,B12674
2025-02-20,P009,WH-C1,3847,648,2026-06-11,B84757
2025-02-20,P010,WH-E1,2752,830,2026-05-03,B31840
2025-02-20,P010,WH-C1,2453,446,2025-12-13,B75136
2025-02-20,P010,WH-N1,617,274,2025-12-26,B47664
2025-02-20,P010,WH-S1,2172,205,2026-01-07,B91863
2025-02-20,P010,WH-W1,753,296,2025-08-26,B87576
2025-02-20,P010,WH-G1,2759,580,2026-11-15,B72294
2025-02-20,P011,WH-S1,3546,641,2025-12-11,B64304
2025-02-20,P011,WH-E1,3295,527,2026-08-28,B98022
2025-02-20,P011,WH-N1,4485,19,2026-10-31,B34450
2025-02-20,P011,WH-C1,4725,1353,2026-09-11,B45118
2025-02-20,P011,WH-G1,4364,1776,2026-12-21,B92150
2025-02-20,P011,WH-W1,490,93,2026-09-06,B29365
2025-02-20,P012,WH-S1,2610,131,2025-12-15,B64059
2025-02-20,P012,WH-E1,2186,328,2026-02-07,B88804
2025-02-20,P012,WH-W1,1934,116,2025-10-21,B35154
2025-02-20,P012,WH-G1,226,19,2026-09-08,B73620
2025-02-20,P014,WH-W1,238,51,2026-03-01,B96333
2025-02-20,P014,WH-N1,4511,43,2026-09-30,B12609
2025-02-20,P014,WH-S1,453,21,2026-04-07,B88852
2025-02-20,P014,WH-C1,2441,833,2026-05-28,B98037
2025-02-20,P014,WH-G1,739,214,2025-10-11,B40938
2025-02-20,P014,WH-E1,916,256,2025-09-21,B78414
2025-03-22,P001,WH-W1,2567,598,2026-07-24,B40924
2025-03-22,P001,WH-N1,3464,109,2025-12-16,B38063
2025-03-22,P001,WH-S1,2249,260,2027-02-13,B17330
2025-03-22,P001,WH-E1,4017,1432,2025-10-13,B51482
2025-03-22,P001,WH-C1,4470,504,2026-03-31,B28993
2025-03-22,P002,WH-W1,447,171,2026-02-20,B43158
2025-03-22,P002,WH-E1,4527,1308,2026-06-26,B99816
2025-03-22,P002,WH-C1,999,121,2026-09-16,B60917
2025-03-22,P002,WH-N1,64,25,2026-03-08,B49438
2025-03-22,P002,WH-G1,739,387,2026-02-16,B48983
2025-03-22,P003,WH-S1,3328,561,2025-09-10,B74447
2025-03-22,P003,WH-W1,3859,1722,2026-05-26,B65360
2025-03-22,P003,WH-E1,822,357,2026-03-14,B76366
2025-03-22,P003,WH-C1,543,140,2026-05-20,B69409
2025-03-22,P004,WH-N1,1114,25,2026-04-28,B51120
2025-03-22,P004,WH-S1,4717,161,2026-03-02,B77681
2025-03-22,P004,WH-W1,1065,420,2026-05-13,B69177
2025-03-22,P005,WH-G1,1627,94,2025-12-23,B61576
2025-03-22,P005,WH-S1,3091,1168,2026-02-04,B12717
2025-03-22,P005,WH-E1,188,82,2027-03-08,B92133
2025-03-22,P005,WH-N1,1873,947,2026-01-09,B44312
2025-03-22,P005,WH-C1,1382,158,2026-09-02,B88694
2025-03-22,P005,WH-W1,2131,188,2025-12-11,B84349
2025-03-22,P006,WH-N1,3716,1012,2025-10-19,B39423
2025-03-22,P006,WH-C1,1664,136,2026-04-10,B74771
2025-03-22,P006,WH-W1,3129,211,2027-02-24,B38254
2025-03-22,P007,WH-G1,1195,67,2026-02-16,B90960
2025-03-22,P007,WH-S1,3694,757,2027-02-06,B99688
2025-03-22,P007,WH-W1,3753,480,2025-11-03,B52368
2025-03-22,P007,WH-N1,3256,785,2026-08-27,B88275
2025-03-22,P007,WH-C1,2099,285,2025-08-19,B16830
2025-03-22,P008,WH-S1,43,9,2026-07-15,B49650
2025-03-22,P008,WH-W1,3233,270,2027-01-13,B15390
2025-03-22,P008,WH-E1,4755,173,2026-11-17,B74597
2025-03-22,P008,WH-C1,2778,270,2025-09-19,B51591
2025-03-22,P008,WH-N1,4345,533,2025-10-17,B51060
2025-03-22,P009,WH-S1,2953,579,2026-03-16,B90338
2025-03-22,P009,WH-W1,2160,446,2025-12-05,B51358
2025-03-22,P009,WH-E1,4024,309,2027-01-10,B96169
2025-03-22,P010,WH-N1,293,20,2026-10-11,B67203
2025-03-22,P010,WH-S1,950,506,2025-07-31,B67870
2025-03-22,P010,WH-C1,2920,1148,2026-10-29,B69999
2025-03-22,P010,WH-G1,4038,151,2025-10-24,B55823
2025-03-22,P010,WH-E1,766,72,2025-12-21,B32058
2025-03-22,P010,WH-W1,4167,869,2027-02-07,B10540
2025-03-22,P011,WH-W1,772,13,2026-04-07,B99300
2025-03-22,P011,WH-N1,999,54,2026-05-17,B30155
2025-03-22,P011,WH-S1,236,30,2026-09-27,B92359
2025-03-22,P011,WH-G1,2206,5,2026-05-23,B15747
2025-03-22,P012,WH-E1,2647,144,2027-01-01,B88943
2025-03-22,P012,WH-C1,3124,130,2025-12-19,B41467
2025-03-22,P012,WH-S1,3267,436,2026-01-19,B31356
2025-03-22,P012,WH-N1,3182,583,2025-11-24,B25807
2025-03-22,P012,WH-G1,2445,442,2026-05-03,B99779
2025-03-22,P012,WH-W1,4943,681,2025-09-26,B58163
2025-03-22,P014,WH-W1,2199,433,2025-09-20,B65382
2025-03-22,P014,WH-G1,3016,889,2026-08-30,B22182
2025-03-22,P014,WH-C1,331,59,2026-02-04,B94883
2025-03-22,P014,WH-S1,1270,539,2026-12-09,B21006
2025-04-21,P001,WH-W1,1217,700,2026-05-23,B42591
2025-04-21,P001,WH-G1,4285,1164,2025-09-06,B82219
2025-04-21,P001,WH-N1,626,262,2025-11-07,B76932
2025-04-21,P001,WH-S1,3480,951,2027-02-22,B43211
2025-04-21,P001,WH-E1,2911,83,2026-12-17,B12132
2025-04-21,P002,WH-G1,1492,46,2025-10-13,B64558
2025-04-21,P002,WH-W1,2438,465,2026-10-23,B91764
2025-04-21,P002,WH-S1,2171,191,2026-02-21,B34259
2025-04-21,P003,WH-G1,871,9,2025-07-25,B61764
2025-04-21,P003,WH-C1,955,83,2026-11-20,B70314
2025-04-21,P003,WH-E1,3318,1524,2027-03-28,B73795
2025-04-21,P004,WH-C1,2479,69,2025-08-03,B35008
2025-04-21,P004,WH-G1,916,356,2026-01-28,B13514
2025-04-21,P004,WH-E1,1714,148,2026-03-24,B67119
2025-04-21,P004,WH-W1,4412,308,2026-11-06,B29420
2025-04-21,P004,WH-S1,3882,238,2026-01-06,B29978
2025-04-21,P005,WH-W1,2415,853,2026-08-25,B16674
2025-04-21,P005,WH-G1,2734,221,2026-09-18,B74972
2025-04-21,P005,WH-N1,4740,1135,2026-05-13,B14851
2025-04-21,P005,WH-S1,3993,1051,2027-03-17,B90149
2025-04-21,P005,WH-C1,3996,62,2027-01-11,B12492
2025-04-21,P005,WH-E1,3457,1133,2025-09-23,B45107
2025-04-21,P006,WH-W1,3573,147,2026-02-01,B71504
2025-04-21,P006,WH-N1,2816,519,2026-03-01,B87025
2025-04-21,P006,WH-G1,2778,1464,2026-11-11,B27191
2025-04-21,P006,WH-E1,2403,799,2026-09-19,B98225
2025-04-21,P006,WH-S1,2951,331,2026-02-17,B47022
2025-04-21,P006,WH-C1,706,66,2026-01-13,B36146
2025-04-21,P007,WH-C1,4044,214,2027-02-10,B16166
2025-04-21,P007,WH-W1,148,16,2026-07-20,B98726
2025-04-21,P007,WH-N1,1299,220,2026-12-17,B14190
2025-04-21,P007,WH-S1,521,29,2026-03-09,B25818
2025-04-21,P008,WH-W1,382,142,2026-04-19,B29815
2025-04-21,P008,WH-E1,4222,213,2025-09-09,B67386
2025-04-21,P008,WH-C1,3744,454,2025-11-05,B90028
2025-04-21,P008,WH-S1,4994,417,2027-02-15,B15501
2025-04-21,P009,WH-S1,2962,299,2026-10-15,B76308
2025-04-21,P009,WH-N1,4082,203,2025-12-24,B94815
2025-04-21,P009,WH-G1,2979,141,2025-11-22,B36462
2025-04-21,P010,WH-W1,4137,272,2026-08-05,B64396
2025-04-21,P010,WH-N1,2954,502,2025-12-22,B79422
2025-04-21,P010,WH-S1,3454,282,2026-10-02,B64186
2025-04-21,P010,WH-G1,3353,1745,2026-12-30,B99417
2025-04-21,P010,WH-E1,2963,906,2025-12-16,B11303
2025-04-21,P010,WH-C1,4238,347,2026-07-01,B51262
2025-04-21,P011,WH-S1,4706,532,2026-05-18,B64959
2025-04-21,P011,WH-W1,3293,1435,2027-02-06,B49888
2025-04-21,P011,WH-N1,2569,16,2026-05-02,B79178
2025-04-21,P011,WH-G1,5000,1654,2026-10-19,B94394
2025-04-21,P011,WH-C1,1680,639,2026-10-15,B55252
2025-04-21,P011,WH-E1,3313,617,2025-10-14,B14845
2025-04-21,P012,WH-W1,4191,1067,2026-07-03,B93320
2025-04-21,P012,WH-S1,1310,138,2027-03-18,B43907
2025-04-21,P012,WH-E1,1977,311,2026-09-25,B76227
2025-04-21,P012,WH-N1,904,190,2026-04-11,B92180
2025-04-21,P012,WH-G1,4157,97,2025-11-24,B68816
2025-04-21,P014,WH-C1,4764,1285,2027-01-17,B88059
2025-04-21,P014,WH-N1,1915,291,2027-02-26,B98137
2025-04-21,P014,WH-W1,1146,253,2025-11-04,B52971
2025-04-21,P014,WH-S1,4230,1594,2026-07-24,B69547
2025-04-21,P014,WH-G1,802,108,2026-09-14,B20740
2025-05-21,P001,WH-N1,3901,79,2026-09-01,B98712
2025-05-21,P001,WH-W1,4311,1144,2027-02-01,B61744
2025-05-21,P001,WH-S1,2160,651,2026-10-26,B67682
2025-05-21,P002,WH-G1,3749,525,2027-02-11,B25474
2025-05-21,P002,WH-W1,1741,33,2026-01-26,B83272
2025-05-21,P002,WH-S1,3025,243,2027-04-27,B63558
2025-05-21,P002,WH-N1,903,74,2025-09-29,B78521
2025-05-21,P002,WH-E1,1255,78,2026-09-06,B49748
2025-05-21,P002,WH-C1,2408,810,2026-01-12,B28630
2025-05-21,P003,WH-N1,17,1,2025-10-27,B15856
2025-05-21,P003,WH-E1,3420,634,2027-03-21,B69293
2025-05-21,P003,WH-C1,2767,973,2027-05-01,B27407
2025-05-21,P003,WH-G1,1134,235,2026-11-22,B97453
2025-05-21,P003,WH-W1,3678,333,2025-11-18,B91889
2025-05-21,P003,WH-S1,3355,921,2026-09-27,B54433
2025-05-21,P004,WH-G1,725,362,2025-09-13,B84972
2025-05-21,P004,WH-W1,2530,126,2027-03-14,B21161
2025-05-21,P004,WH-E1,1576,554,2027-04-01,B16930
2025-05-21,P005,WH-W1,4356,19,2026-05-27,B36975
2025-05-21,P005,WH-C1,2009,909,2025-11-13,B79932
2025-05-21,P005,WH-N1,4971,1206,2025-10-04,B74418
2025-05-21,P005,WH-G1,190,11,2026-10-17,B13153
2025-05-21,P006,WH-W1,4438,147,2026-02-22,B43496
2025-05-21,P006,WH-E1,734,104,2026-02-08,B17721
2025-05-21,P006,WH-N1,2664,365,2025-10-17,B49062
2025-05-21,P006,WH-G1,3194,72,2026-10-15,B52495
2025-05-21,P006,WH-C1,2112,123,2025-10-11,B36549
2025-05-21,P007,WH-C1,4166,788,2025-12-14,B45296
2025-05-21,P007,WH-G1,496,104,2025-10-25,B73461
2025-05-21,P007,WH-S1,236,29,2025-09-07,B45279
2025-05-21,P007,WH-W1,4538,415,2026-04-28,B82706
2025-05-21,P008,WH-E1,687,256,2026-03-15,B28660
2025-05-21,P008,WH-C1,3058,344,2026-04-27,B80455
2025-05-21,P008,WH-W1,3471,1136,2026-11-24,B15477
2025-05-21,P008,WH-S1,8,4,2026-06-11,B95597
2025-05-21,P009,WH-N1,4897,778,2026-08-13,B92864
2025-05-21,P009,WH-G1,1742,522,2026-06-03,B15961
2025-05-21,P009,WH-W1,1322,576,2025-10-29,B49405
2025-05-21,P009,WH-S1,734,31,2026-01-09,B82938
2025-05-21,P010,WH-W1,2141,927,2026-05-25,B42234
2025-05-21,P010,WH-S1,2634,470,2027-04-24,B53051
2025-05-21,P010,WH-E1,130,17,2025-08-21,B89794
2025-05-21,P010,WH-G1,3903,4,2026-02-12,B64154
2025-05-21,P010,WH-C1,4553,2002,2026-09-25,B80533
2025-05-21,P011,WH-G1,3646,722,2026-09-08,B88815
2025-05-21,P011,WH-N1,2932,859,2025-08-27,B26353
2025-05-21,P011,WH-C1,3790,395,2026-11-17,B11227
2025-05-21,P012,WH-G1,2931,310,2026-04-02,B40704
2025-05-21,P012,WH-N1,4045,150,2026-06-02,B74597
2025-05-21,P012,WH-E1,4964,200,2026-09-28,B24541
2025-05-21,P012,WH-W1,2272,505,2026-02-09,B82323
2025-05-21,P014,WH-G1,4818,66,2025-12-27,B44029
2025-05-21,P014,WH-C1,4668,2142,2026-05-26,B35146
2025-05-21,P014,WH-S1,189,88,2027-02-15,B90538
2025-05-21,P014,WH-N1,2071,904,2026-11-26,B10256
2025-06-20,P001,WH-G1,997,238,2027-02-07,B57378
2025-06-20,P001,WH-N1,4237,1810,2026-05-05,B16155
2025-06-20,P001,WH-E1,2276,1090,2026-12-21,B51450
2025-06-20,P001,WH-S1,42,5,2025-12-10,B84949
2025-06-20,P001,WH-W1,207,28,2026-11-25,B19757
2025-06-20,P001,WH-C1,2047,168,2026-08-02,B18237
2025-06-20,P002,WH-N1,196,42,2026-06-01,B42394
2025-06-20,P002,WH-W1,883,174,2025-11-12,B53724
2025-06-20,P002,WH-C1,4257,298,2027-05-25,B91207
2025-06-20,P003,WH-N1,3091,710,2025-11-23,B26716
2025-06-20,P003,WH-W1,507,226,2025-11-13,B49514
2025-06-20,P003,WH-G1,3537,346,2025-11-14,B83303
2025-06-20,P003,WH-C1,427,48,2026-11-03,B22560
2025-06-20,P003,WH-E1,3367,613,2025-09-28,B69429
2025-06-20,P003,WH-S1,3145,876,2025-12-30,B54514
2025-06-20,P004,WH-W1,4815,105,2025-09-30,B88010
2025-06-20,P004,WH-C1,553,215,2026-04-04,B85132
2025-06-20,P004,WH-E1,1032,131,2026-09-16,B65182
2025-06-20,P005,WH-G1,361,19,2027-05-09,B67127
2025-06-20,P005,WH-C1,4203,1465,2026-08-02,B86502
2025-06-20,P005,WH-W1,4433,603,2027-01-11,B50458
2025-06-20,P005,WH-N1,4942,755,2025-09-26,B77853
2025-06-20,P005,WH-E1,4804,592,2025-11-15,B41114
2025-06-20,P005,WH-S1,4154,223,2026-11-24,B55064
2025-06-20,P006,WH-S1,1551,478,2027-05-25,B53403
2025-06-20,P006,WH-G1,4738,687,2027-06-10,B49273
2025-06-20,P006,WH-N1,3429,107,2026-12-27,B15530
2025-06-20,P006,WH-C1,4062,3,2026-05-04,B40182
2025-06-20,P007,WH-C1,1681,422,2025-09-24,B57555
2025-06-20,P007,WH-S1,81,0,2027-04-09,B25098
2025-06-20,P007,WH-G1,1166,99,2027-05-10,B57174
2025-06-20,P007,WH-W1,359,50,2026-04-08,B47237
2025-06-20,P007,WH-E1,1426,134,2026-03-15,B54540
2025-06-20,P007,WH-N1,4542,200,2025-10-10,B33078
2025-06-20,P008,WH-N1,2772,624,2026-12-29,B41476
2025-06-20,P008,WH-G1,3028,1353,2026-03-12,B79065
2025-06-20,P008,WH-S1,3553,133,2026-01-17,B28931
2025-06-20,P008,WH-W1,1071,196,2027-03-17,B59570
2025-06-20,P008,WH-C1,3065,439,2026-05-26,B16054
2025-06-20,P009,WH-C1,2024,143,2026-01-25,B76619
2025-06-20,P009,WH-E1,4784,857,2025-12-10,B71691
2025-06-20,P009,WH-S1,531,49,2027-02-21,B59055
2025-06-20,P009,WH-W1,4084,366,2026-08-13,B59005
2025-06-20,P010,WH-G1,1697,103,2026-12-24,B40721
2025-06-20,P010,WH-W1,3243,435,2026-10-09,B84890
2025-06-20,P010,WH-C1,1287,383,2026-06-05,B82161
2025-06-20,P010,WH-S1,694,10,2026-07-17,B68262
2025-06-20,P010,WH-E1,4250,84,2027-01-07,B77143
2025-06-20,P010,WH-N1,2755,478,2026-12-04,B63602
2025-06-20,P011,WH-W1,1471,135,2025-12-04,B57067
2025-06-20,P011,WH-E1,675,128,2027-02-25,B81650
2025-06-20,P011,WH-C1,640,116,2025-12-27,B25543
2025-06-20,P011,WH-S1,584,139,2026-04-11,B53746
2025-06-20,P011,WH-N1,1610,256,2026-07-24,B99592
2025-06-20,P012,WH-S1,69,18,2026-09-07,B62928
2025-06-20,P012,WH-C1,3323,1551,2025-09-30,B71866
2025-06-20,P012,WH-G1,4199,611,2026-10-30,B39829
2025-06-20,P012,WH-E1,1858,214,2027-01-16,B40634
2025-06-20,P012,WH-W1,4225,1131,2027-01-10,B70476
2025-06-20,P014,WH-N1,1716,30,2026-10-06,B28212
2025-06-20,P014,WH-E1,4730,1251,2025-09-27,B75509
2025-06-20,P014,WH-S1,2905,429,2026-11-27,B99884
2025-06-20,P014,WH-W1,3304,1414,2027-03-22,B49274
2025-06-20,P014,WH-C1,2671,65,2026-02-07,B30144
2025-07-20,P001,WH-C1,3200,197,2026-04-28,B72230
2025-07-20,P001,WH-G1,889,115,2026-08-25,B22221
2025-07-20,P001,WH-W1,1404,141,2026-04-17,B14202
2025-07-20,P001,WH-S1,4942,382,2026-05-09,B19108
2025-07-20,P001,WH-N1,3161,238,2026-08-12,B96451
2025-07-20,P002,WH-W1,4247,167,2026-12-12,B61262
2025-07-20,P002,WH-N1,1286,132,2027-04-20,B64842
2025-07-20,P002,WH-E1,3917,796,2026-05-17,B27030
2025-07-20,P003,WH-E1,4945,635,2027-06-11,B36604
2025-07-20,P003,WH-W1,4116,939,2026-07-27,B36437
2025-07-20,P003,WH-C1,60,28,2025-12-22,B62328
2025-07-20,P003,WH-N1,4954,2153,2026-09-19,B84609
2025-07-20,P004,WH-W1,3738,862,2026-08-18,B61260
2025-07-20,P004,WH-G1,1434,91,2027-01-03,B70008
2025-07-20,P004,WH-N1,3151,375,2027-05-23,B22521
2025-07-20,P004,WH-E1,3223,89,2026-06-20,B30700
2025-07-20,P004,WH-C1,2242,1101,2026-08-12,B97380
2025-07-20,P004,WH-S1,546,184,2026-05-28,B74682
2025-07-20,P005,WH-C1,3359,517,2026-05-18,B76330
2025-07-20,P005,WH-N1,365,9,2027-02-02,B59958
2025-07-20,P005,WH-E1,2815,398,2026-11-28,B14951
2025-07-20,P005,WH-G1,87,4,2026-09-17,B97856
2025-07-20,P005,WH-W1,3803,139,2026-01-10,B81883
2025-07-20,P005,WH-S1,1984,448,2026-03-10,B71707
2025-07-20,P006,WH-S1,1451,273,2026-11-22,B32079
2025-07-20,P006,WH-G1,635,5,2026-07-24,B30119
2025-07-20,P006,WH-N1,3609,221,2025-11-22,B98479
2025-07-20,P006,WH-E1,4360,713,2025-12-05,B93203
2025-07-20,P006,WH-W1,4283,1467,2026-01-31,B61199
2025-07-20,P007,WH-W1,1652,383,2026-06-19,B36212
2025-07-20,P007,WH-N1,748,3,2025-11-01,B54186
2025-07-20,P007,WH-C1,1574,64,2026-05-31,B22661
2025-07-20,P007,WH-G1,1375,45,2026-12-17,B77174
2025-07-20,P007,WH-S1,882,165,2027-05-16,B92154
2025-07-20,P008,WH-C1,989,27,2026-10-18,B52384
2025-07-20,P008,WH-S1,1422,80,2025-10-30,B61011
2025-07-20,P008,WH-W1,1742,67,2026-07-30,B95189
2025-07-20,P008,WH-G1,3022,111,2026-12-12,B49522
2025-07-20,P009,WH-N1,3183,272,2026-09-23,B32980
2025-07-20,P009,WH-C1,2604,1364,2027-02-23,B18849
2025-07-20,P009,WH-S1,2745,229,2026-11-13,B76981
2025-07-20,P009,WH-W1,1904,13,2026-06-13,B12780
2025-07-20,P009,WH-G1,1016,219,2026-06-24,B91233
2025-07-20,P009,WH-E1,650,47,2027-03-12,B48877
2025-07-20,P010,WH-S1,310,56,2026-09-19,B27598
2025-07-20,P010,WH-W1,2278,40,2027-04-04,B64380
2025-07-20,P010,WH-G1,2363,469,2026-09-22,B54922
2025-07-20,P010,WH-E1,1984,27,2026-06-29,B39156
2025-07-20,P011,WH-C1,4027,197,2025-12-10,B93147
2025-07-20,P011,WH-E1,1159,128,2026-01-19,B32764
2025-07-20,P011,WH-S1,4854,1628,2026-05-15,B40973
2025-07-20,P011,WH-W1,4156,478,2026-09-01,B31516
2025-07-20,P011,WH-N1,1618,90,2027-06-30,B42632
2025-07-20,P011,WH-G1,2483,459,2026-05-12,B45633
2025-07-20,P012,WH-N1,3615,887,2026-03-26,B73176
2025-07-20,P012,WH-E1,162,54,2026-01-11,B49351
2025-07-20,P012,WH-W1,4875,1132,2026-04-15,B43723
2025-07-20,P012,WH-S1,3116,928,2026-08-04,B59171
2025-07-20,P012,WH-G1,4605,147,2026-09-24,B27911
2025-07-20,P012,WH-C1,3844,194,2025-10-22,B11682
2025-07-20,P014,WH-W1,3146,145,2026-12-10,B15089
2025-07-20,P014,WH-G1,1019,289,2026-04-02,B35457
2025-07-20,P014,WH-C1,3574,1427,2027-03-23,B74044
2025-07-20,P014,WH-S1,3016,1333,2026-11-16,B65579
2025-07-20,P014,WH-E1,2021,17,2026-10-23,B92700
2025-08-19,P001,WH-G1,4959,1394,2026-04-16,B43330
2025-08-19,P001,WH-S1,2026,678,2026-05-01,B11617
2025-08-19,P001,WH-E1,956,329,2026-12-15,B62122
2025-08-19,P002,WH-C1,1358,258,2026-09-22,B75620
2025-08-19,P002,WH-S1,4367,783,2027-07-10,B50367
2025-08-19,P002,WH-W1,3371,1490,2026-02-16,B24322
2025-08-19,P003,WH-S1,2523,86,2027-04-04,B10206
2025-08-19,P003,WH-E1,793,89,2027-01-18,B78807
2025-08-19,P003,WH-G1,3414,882,2026-05-10,B33121
2025-08-19,P003,WH-C1,3069,137,2026-06-07,B73762
2025-08-19,P003,WH-W1,1490,112,2027-02-21,B84329
2025-08-19,P004,WH-S1,1496,196,2026-08-09,B63581
2025-08-19,P004,WH-G1,3610,1278,2026-03-08,B93418
2025-08-19,P004,WH-N1,1360,21,2026-12-08,B26342
2025-08-19,P004,WH-E1,2267,15,2027-07-09,B40773
2025-08-19,P005,WH-W1,4771,171,2026-02-24,B37665
2025-08-19,P005,WH-N1,4278,1538,2027-07-27,B78167
2025-08-19,P005,WH-C1,2177,969,2026-10-28,B89216
2025-08-19,P005,WH-G1,3518,698,2026-11-03,B51317
2025-08-19,P005,WH-S1,1962,816,2026-12-09,B90059
2025-08-19,P005,WH-E1,468,169,2026-02-27,B10404
2025-08-19,P006,WH-G1,2036,486,2027-04-28,B64149
2025-08-19,P006,WH-W1,1539,82,2025-12-04,B93070
2025-08-19,P006,WH-S1,2950,1506,2026-10-16,B98857
2025-08-19,P006,WH-N1,3639,496,2026-12-31,B90293
2025-08-19,P006,WH-E1,666,121,2026-02-27,B60444
2025-08-19,P006,WH-C1,2407,729,2026-04-12,B78164
2025-08-19,P007,WH-S1,2468,1123,2027-03-10,B32027
2025-08-19,P007,WH-W1,3655,1974,2027-05-24,B41575
2025-08-19,P007,WH-N1,1993,385,2026-02-16,B23824
2025-08-19,P008,WH-G1,1805,681,2027-03-19,B97897
2025-08-19,P008,WH-N1,1008,273,2027-04-04,B21854
2025-08-19,P008,WH-S1,2726,1179,2027-07-25,B18476
2025-08-19,P008,WH-W1,2811,734,2026-12-12,B95710
2025-08-19,P008,WH-E1,4603,1789,2026-07-13,B39301
2025-08-19,P008,WH-C1,2122,44,2026-03-11,B21683
2025-08-19,P009,WH-G1,4692,641,2026-12-11,B85617
2025-08-19,P009,WH-C1,13,1,2026-12-19,B65535
2025-08-19,P009,WH-S1,2618,258,2027-05-03,B96998
2025-08-19,P009,WH-E1,4928,218,2026-12-26,B11204
2025-08-19,P009,WH-N1,4409,1294,2026-04-14,B48905
2025-08-19,P010,WH-W1,2321,340,2025-12-22,B88496
2025-08-19,P010,WH-G1,2622,126,2026-08-24,B85231
2025-08-19,P010,WH-S1,3918,441,2027-04-07,B48206
2025-08-19,P010,WH-E1,3085,170,2026-04-22,B37605
2025-08-19,P011,WH-G1,3209,675,2026-04-29,B12826
2025-08-19,P011,WH-N1,4488,865,2027-03-16,B55653
2025-08-19,P011,WH-S1,3206,540,2026-09-02,B47010
2025-08-19,P011,WH-W1,1598,561,2026-12-25,B22755
2025-08-19,P012,WH-E1,2490,167,2027-07-01,B28030
2025-08-19,P012,WH-C1,3619,596,2026-04-14,B37494
2025-08-19,P012,WH-N1,1786,200,2025-11-26,B57477
2025-08-19,P012,WH-G1,4715,151,2026-12-07,B65982
2025-08-19,P014,WH-N1,1471,120,2027-04-28,B95209
2025-08-19,P014,WH-G1,2772,304,2027-01-04,B42112
2025-08-19,P014,WH-E1,278,25,2027-04-01,B49674
2025-08-19,P014,WH-S1,4883,2673,2026-12-06,B97914
2025-09-18,P001,WH-W1,3646,245,2026-04-15,B20831
2025-09-18,P001,WH-G1,999,342,2027-05-22,B39482
2025-09-18,P001,WH-E1,188,73,2027-04-22,B45877
2025-09-18,P002,WH-C1,3966,1776,2026-10-18,B84897
2025-09-18,P002,WH-S1,1025,16,2027-06-20,B34233
2025-09-18,P002,WH-W1,3320,40,2027-01-24,B82883
2025-09-18,P003,WH-N1,4907,21,2027-07-08,B68619
2025-09-18,P003,WH-C1,2574,65,2027-07-28,B37030
2025-09-18,P003,WH-G1,1320,65,2026-01-21,B21090
2025-09-18,P003,WH-W1,1021,186,2027-06-27,B32492
2025-09-18,P003,WH-E1,3465,1347,2025-12-17,B42550
2025-09-18,P003,WH-S1,2462,265,2026-10-13,B96397
2025-09-18,P004,WH-S1,4965,429,2026-03-28,B96850
2025-09-18,P004,WH-C1,366,24,2026-05-11,B49283
2025-09-18,P004,WH-W1,1763,616,2027-07-05,B38316
2025-09-18,P004,WH-E1,4847,263,2027-02-22,B19746
2025-09-18,P004,WH-G1,4504,781,2026-06-02,B62436
2025-09-18,P004,WH-N1,3736,260,2027-02-25,B28775
2025-09-18,P005,WH-N1,3048,1047,2027-08-28,B31501
2025-09-18,P005,WH-E1,3438,647,2027-03-06,B59668
2025-09-18,P005,WH-S1,212,31,2026-03-06,B45405
2025-09-18,P005,WH-C1,1020,350,2027-07-01,B63317
2025-09-18,P006,WH-E1,2732,299,2026-08-05,B45867
2025-09-18,P006,WH-N1,80,3,2027-01-08,B23762
2025-09-18,P006,WH-G1,1011,186,2026-10-26,B87178
2025-09-18,P007,WH-N1,4976,49,2026-06-09,B51680
2025-09-18,P007,WH-C1,3191,544,2027-07-04,B87937
2025-09-18,P007,WH-E1,3298,261,2026-09-08,B11244
2025-09-18,P007,WH-W1,4207,1346,2026-04-25,B28700
2025-09-18,P007,WH-S1,3103,547,2026-02-09,B93780
2025-09-18,P007,WH-G1,3032,510,2027-09-01,B64820
2025-09-18,P008,WH-S1,3504,468,2026-10-25,B93313
2025-09-18,P008,WH-W1,712,208,2026-11-02,B21814
2025-09-18,P008,WH-E1,651,30,2026-03-22,B31641
2025-09-18,P008,WH-G1,4712,292,2027-07-07,B74598
2025-09-18,P008,WH-C1,87,27,2027-05-21,B27881
2025-09-18,P008,WH-N1,3929,1090,2026-04-23,B63145
2025-09-18,P009,WH-C1,3481,1535,2026-12-05,B42011
2025-09-18,P009,WH-S1,4326,86,2027-08-30,B68805
2025-09-18,P009,WH-N1,1380,536,2026-08-04,B32913
2025-09-18,P010,WH-E1,417,97,2026-06-09,B58927
2025-09-18,P010,WH-S1,927,173,2026-08-29,B80663
2025-09-18,P010,WH-G1,965,123,2026-10-13,B44701
2025-09-18,P011,WH-N1,2497,1316,2027-05-28,B14643
2025-09-18,P011,WH-C1,3793,1999,2026-02-13,B56628
2025-09-18,P011,WH-W1,48,10,2026-10-18,B56385
2025-09-18,P011,WH-G1,877,23,2027-02-01,B56469
2025-09-18,P012,WH-N1,1618,131,2026-05-23,B63833
2025-09-18,P012,WH-W1,1014,7,2026-05-25,B96066
2025-09-18,P012,WH-C1,2049,202,2027-01-04,B49227
2025-09-18,P014,WH-W1,3599,362,2027-03-06,B10761
2025-09-18,P014,WH-S1,2942,1452,2026-07-08,B24505
2025-09-18,P014,WH-E1,1552,68,2027-01-25,B65188
2025-09-18,P014,WH-N1,2713,328,2026-07-08,B72822
2025-09-18,P014,WH-C1,2177,250,2027-07-03,B74955
2025-10-18,P001,WH-E1,898,21,2026-05-25,B30387
2025-10-18,P001,WH-W1,2819,785,2026-09-15,B16820
2025-10-18,P001,WH-C1,2802,611,2026-01-24,B66928
2025-10-18,P001,WH-N1,3933,497,2026-04-10,B66223
2025-10-18,P002,WH-C1,2303,539,2026-09-26,B97337
2025-10-18,P002,WH-S1,3515,105,2027-06-14,B90098
2025-10-18,P002,WH-G1,1484,76,2026-09-07,B25789
2025-10-18,P002,WH-N1,1083,140,2026-07-31,B29163
2025-10-18,P003,WH-N1,3336,473,2026-08-31,B54063
2025-10-18,P003,WH-C1,3490,1044,2027-03-29,B94393
2025-10-18,P003,WH-S1,423,34,2027-01-23,B46773
2025-10-18,P003,WH-G1,2875,505,2026-12-09,B16233
2025-10-18,P003,WH-E1,1488,13,2026-12-11,B37784
2025-10-18,P003,WH-W1,2337,621,2026-04-29,B66479
2025-10-18,P004,WH-E1,2493,342,2026-01-29,B99517
2025-10-18,P004,WH-W1,4520,533,2026-12-21,B57260
2025-10-18,P004,WH-G1,2960,1206,2027-07-11,B89261
2025-10-18,P004,WH-S1,3044,282,2026-08-19,B86588
2025-10-18,P005,WH-N1,4805,2680,2026-07-30,B35287
2025-10-18,P005,WH-G1,3651,306,2027-07-29,B91134
2025-10-18,P005,WH-S1,2809,485,2026-08-10,B79934
2025-10-18,P005,WH-E1,1258,49,2027-03-20,B82154
2025-10-18,P005,WH-C1,2068,711,2027-01-25,B68783
2025-10-18,P005,WH-W1,961,69,2027-05-25,B64919
2025-10-18,P006,WH-S1,1056,31,2026-07-29,B62100
2025-10-18,P006,WH-C1,4055,1782,2027-06-25,B19828
2025-10-18,P006,WH-E1,1355,260,2027-02-13,B83727
2025-10-18,P007,WH-W1,1310,303,2026-01-25,B77213
2025-10-18,P007,WH-C1,3730,1075,2026-10-08,B49768
2025-10-18,P007,WH-E1,1804,137,2027-08-04,B25611
2025-10-18,P007,WH-N1,1401,273,2026-09-16,B48252
2025-10-18,P007,WH-G1,320,71,2026-06-01,B45446
2025-10-18,P007,WH-S1,422,63,2026-08-19,B80070
2025-10-18,P008,WH-N1,2658,361,2027-08-01,B44608
2025-10-18,P008,WH-E1,1094,313,2026-11-13,B52550
2025-10-18,P008,WH-C1,469,2,2027-01-15,B38741
2025-10-18,P009,WH-S1,3129,527,2027-09-26,B82204
2025-10-18,P009,WH-E1,1688,225,2026-12-14,B45231
2025-10-18,P009,WH-N1,1670,404,2026-06-24,B68465
2025-10-18,P009,WH-C1,1898,444,2027-01-28,B29442
2025-10-18,P009,WH-W1,3924,185,2027-05-01,B34251
2025-10-18,P010,WH-S1,1477,21,2026-11-29,B31354
2025-10-18,P010,WH-C1,1455,703,2027-09-30,B34621
2025-10-18,P010,WH-W1,568,54,2026-09-24,B69640
2025-10-18,P010,WH-E1,3297,269,2026-06-05,B11545
2025-10-18,P011,WH-W1,901,390,2026-03-01,B27324
2025-10-18,P011,WH-G1,2034,274,2026-06-11,B92232
2025-10-18,P011,WH-N1,4912,9,2026-05-04,B81089
2025-10-18,P012,WH-G1,4610,668,2026-11-26,B53483
2025-10-18,P012,WH-N1,3923,57,2027-07-26,B45056
2025-10-18,P012,WH-S1,4453,45,2026-05-01,B81387
2025-10-18,P012,WH-C1,2430,212,2026-06-10,B10158
2025-10-18,P012,WH-W1,1837,109,2027-02-14,B29316
2025-10-18,P014,WH-G1,920,56,2026-09-02,B23334
2025-10-18,P014,WH-E1,2308,630,2026-12-23,B25512
2025-10-18,P014,WH-S1,2953,173,2026-03-01,B89233
2025-10-18,P014,WH-C1,1237,135,2026-12-24,B88592
2025-10-18,P014,WH-W1,1485,153,2026-11-20,B91888
2025-11-17,P001,WH-E1,2174,156,2026-02-17,B29482
2025-11-17,P001,WH-N1,1200,199,2027-05-18,B72709
2025-11-17,P001,WH-G1,551,54,2026-11-27,B28961
2025-11-17,P001,WH-S1,740,32,2026-08-20,B60465
2025-11-17,P001,WH-W1,2888,434,2027-06-22,B64256
2025-11-17,P002,WH-S1,4413,1090,2027-08-18,B40161
2025-11-17,P002,WH-G1,3150,366,2027-04-22,B79067
2025-11-17,P002,WH-W1,4733,898,2026-05-15,B40827
2025-11-17,P002,WH-C1,2963,8,2027-02-21,B83187
2025-11-17,P002,WH-E1,3882,451,2026-04-17,B55789
2025-11-17,P003,WH-S1,1986,114,2026-04-13,B28061
2025-11-17,P003,WH-E1,960,146,2027-03-08,B13453
2025-11-17,P003,WH-W1,3479,718,2026-06-03,B96867
2025-11-17,P003,WH-N1,4764,608,2026-07-26,B13956
2025-11-17,P003,WH-G1,1203,40,2026-10-23,B20101
2025-11-17,P004,WH-C1,1494,71,2027-08-09,B49257
2025-11-17,P004,WH-W1,3851,690,2027-05-15,B94521
2025-11-17,P004,WH-S1,108,4,2026-04-17,B94207
2025-11-17,P005,WH-C1,89,13,2027-05-26,B82634
2025-11-17,P005,WH-S1,2113,1027,2026-12-25,B39794
2025-11-17,P005,WH-G1,3470,556,2026-05-20,B78354
2025-11-17,P006,WH-S1,3213,572,2027-10-27,B20119
2025-11-17,P006,WH-G1,3837,829,2027-03-11,B31603
2025-11-17,P006,WH-W1,447,165,2027-04-25,B35523
2025-11-17,P006,WH-E1,2211,39,2027-02-21,B89061
2025-11-17,P006,WH-N1,2748,144,2026-07-31,B80984
2025-11-17,P006,WH-C1,872,76,2026-02-26,B50516
2025-11-17,P007,WH-C1,2205,291,2027-09-16,B15881
2025-11-17,P007,WH-S1,4618,1981,2026-04-02,B16297
2025-11-17,P007,WH-N1,2577,158,2026-02-23,B56746
2025-11-17,P007,WH-W1,2313,1024,2026-09-02,B51218
2025-11-17,P008,WH-G1,3336,1031,2026-05-29,B75821
2025-11-17,P008,WH-E1,1230,97,2027-06-18,B86855
2025-11-17,P008,WH-S1,306,19,2027-06-04,B20322
2025-11-17,P008,WH-C1,764,118,2026-09-23,B99320
2025-11-17,P008,WH-N1,1153,164,2027-07-13,B77672
2025-11-17,P008,WH-W1,4986,1398,2027-05-19,B27196
2025-11-17,P009,WH-E1,1958,312,2027-10-29,B19830
2025-11-17,P009,WH-G1,1248,254,2026-05-25,B11958
2025-11-17,P009,WH-W1,1168,316,2027-08-29,B21425
2025-11-17,P009,WH-N1,4087,321,2026-08-07,B48745
2025-11-17,P009,WH-S1,1322,147,2027-02-22,B56316
2025-11-17,P010,WH-N1,2113,524,2027-05-13,B95235
2025-11-17,P010,WH-S1,1150,582,2027-06-29,B15189
2025-11-17,P010,WH-W1,2977,821,2027-04-09,B91223
2025-11-17,P011,WH-W1,683,259,2027-05-21,B44449
2025-11-17,P011,WH-E1,349,14,2026-10-23,B83505
2025-11-17,P011,WH-C1,65,1,2026-12-09,B59259
2025-11-17,P011,WH-S1,1296,437,2026-04-30,B39235
2025-11-17,P012,WH-W1,893,27,2027-03-28,B66769
2025-11-17,P012,WH-N1,1634,33,2027-01-05,B54882
2025-11-17,P012,WH-E1,4950,1438,2027-06-17,B24984
2025-11-17,P012,WH-S1,2280,558,2026-07-24,B71599
2025-11-17,P012,WH-G1,1192,163,2027-09-19,B14105
2025-11-17,P012,WH-C1,4924,255,2027-02-20,B66375
2025-11-17,P014,WH-S1,2064,85,2026-07-10,B19077
2025-11-17,P014,WH-N1,2243,305,2027-05-23,B65013
2025-11-17,P014,WH-G1,4298,265,2026-08-22,B17044
2025-11-17,P014,WH-C1,757,219,2027-01-31,B48915
2025-11-17,P014,WH-W1,1347,214,2027-06-23,B72324
2025-11-17,P014,WH-E1,4386,329,2027-05-08,B56490
2025-12-17,P001,WH-N1,2592,234,2026-08-15,B75463
2025-12-17,P001,WH-C1,2592,345,2027-05-07,B44446
2025-12-17,P001,WH-S1,4265,922,2026-07-23,B93138
2025-12-17,P001,WH-G1,3680,1184,2026-06-24,B14782
2025-12-17,P001,WH-E1,1790,192,2027-05-21,B81576
2025-12-17,P001,WH-W1,1360,221,2027-03-08,B37494
2025-12-17,P002,WH-G1,2980,157,2027-08-13,B26350
2025-12-17,P002,WH-C1,4088,933,2027-05-14,B63790
2025-12-17,P002,WH-N1,2881,555,2027-05-27,B78572
2025-12-17,P002,WH-S1,2751,90,2027-06-29,B66149
2025-12-17,P003,WH-S1,3125,675,2027-06-07,B93113
2025-12-17,P003,WH-C1,2320,203,2026-06-14,B23606
2025-12-17,P003,WH-G1,734,210,2026-07-01,B75064
2025-12-17,P003,WH-E1,4462,454,2027-08-14,B86183
2025-12-17,P003,WH-W1,267,109,2027-05-21,B37770
2025-12-17,P004,WH-W1,1602,127,2027-03-11,B70810
2025-12-17,P004,WH-C1,3382,1320,2027-04-26,B10996
2025-12-17,P004,WH-G1,3069,1039,2027-01-01,B45076
2025-12-17,P004,WH-N1,2166,424,2026-11-19,B10544
2025-12-17,P005,WH-N1,2745,292,2027-05-31,B41697
2025-12-17,P005,WH-G1,4552,789,2027-04-23,B16760
2025-12-17,P005,WH-C1,4733,1303,2027-04-20,B32769
2025-12-17,P005,WH-W1,3302,1059,2026-08-26,B67331
2025-12-17,P005,WH-S1,1892,64,2027-08-15,B25515
2025-12-17,P005,WH-E1,4726,1065,2027-10-04,B30847
2025-12-17,P006,WH-S1,94,37,2026-08-20,B13646
2025-12-17,P006,WH-N1,4453,322,2027-10-23,B60122
2025-12-17,P006,WH-C1,207,16,2027-06-24,B93160
2025-12-17,P006,WH-W1,2933,227,2027-01-15,B35405
2025-12-17,P006,WH-G1,4386,1548,2026-12-08,B96410
2025-12-17,P007,WH-E1,189,74,2026-06-30,B24540
2025-12-17,P007,WH-N1,3761,502,2026-07-04,B28590
2025-12-17,P007,WH-S1,2313,184,2026-06-20,B20142
2025-12-17,P008,WH-E1,3389,320,2026-06-03,B37563
2025-12-17,P008,WH-S1,3439,321,2027-06-21,B31116
2025-12-17,P008,WH-W1,1472,91,2027-10-18,B92734
2025-12-17,P008,WH-N1,4969,480,2027-03-03,B55453
2025-12-17,P008,WH-C1,3964,2238,2026-03-22,B30760
2025-12-17,P008,WH-G1,4274,1897,2026-07-19,B35276
2025-12-17,P009,WH-C1,1771,117,2026-10-25,B13866
2025-12-17,P009,WH-N1,2683,42,2026-07-24,B45073
2025-12-17,P009,WH-S1,2241,94,2027-03-08,B82285
2025-12-17,P010,WH-W1,1581,101,2026-12-29,B61488
2025-12-17,P010,WH-G1,842,300,2027-01-30,B31712
2025-12-17,P010,WH-C1,1686,499,2027-06-03,B68478
2025-12-17,P010,WH-E1,3471,556,2027-02-06,B91646
2025-12-17,P010,WH-S1,881,219,2026-10-07,B84336
2025-12-17,P011,WH-E1,4189,419,2027-01-11,B89152
2025-12-17,P011,WH-N1,4345,61,2026-07-12,B33580
2025-12-17,P011,WH-W1,2643,190,2027-03-18,B42154
2025-12-17,P011,WH-C1,595,47,2027-04-01,B29010
2025-12-17,P011,WH-G1,2575,163,2026-03-28,B53105
2025-12-17,P012,WH-W1,4600,290,2027-11-23,B37810
2025-12-17,P012,WH-C1,4319,574,2026-12-26,B89679
2025-12-17,P012,WH-E1,612,165,2027-05-22,B99408
2025-12-17,P012,WH-N1,3565,327,2026-10-05,B35837
2025-12-17,P014,WH-W1,2248,127,2027-06-23,B32431
2025-12-17,P014,WH-G1,4926,784,2026-11-14,B85551
2025-12-17,P014,WH-N1,174,41,2027-10-27,B10609
